净值日期,单位净值,日增长率
2011-09-21,1.0,0.0
2011-09-23,1.0,0.0
2011-09-30,1.0001,0.01
2011-10-14,1.0005,0.04
2011-10-21,1.0007,0.02
2011-10-27,0.9998,-0.0899
2011-10-28,1.0051,0.5301
2011-10-31,1.0107,0.5572
2011-11-01,1.0106,-0.0099
2011-11-02,1.0251,1.4348
2011-11-03,1.0225,-0.2536
2011-11-04,1.0267,0.4108
2011-11-07,1.0289,0.2143
2011-11-08,1.0146,-1.3898
2011-11-09,1.0352,2.0304
2011-11-10,1.0238,-1.1012
2011-11-11,1.0187,-0.4981
2011-11-14,1.0385,1.9437
2011-11-15,1.0475,0.8666
2011-11-16,1.0245,-2.1957
2011-11-17,1.0306,0.5954
2011-11-18,1.0084,-2.1541
2011-11-21,1.0051,-0.3273
2011-11-22,1.0072,0.2089
2011-11-23,1.0093,0.2085
2011-11-24,1.0119,0.2576
2011-11-25,1.0078,-0.4052
2011-11-28,1.0138,0.5954
2011-11-29,1.0192,0.5326
2011-11-30,0.9849,-3.3654
2011-12-01,0.9957,1.0966
2011-12-02,0.989,-0.6729
2011-12-05,0.9745,-1.4661
2011-12-06,0.9723,-0.2258
2011-12-07,0.973,0.072
2011-12-08,0.9741,0.1131
2011-12-09,0.9726,-0.154
2011-12-12,0.9701,-0.257
2011-12-13,0.9651,-0.5154
2011-12-14,0.962,-0.3212
2011-12-15,0.9583,-0.3846
2011-12-16,0.9646,0.6574
2011-12-19,0.9683,0.3836
2011-12-20,0.9666,-0.1756
2011-12-21,0.9581,-0.8794
2011-12-22,0.9605,0.2505
2011-12-23,0.9621,0.1666
2011-12-26,0.958,-0.4262
2011-12-27,0.9471,-1.1378
2011-12-28,0.9453,-0.1901
2011-12-29,0.9452,-0.0106
2011-12-30,0.9539,0.9204
2011-12-31,0.9539,0.0
2012-01-04,0.9422,-1.2265
2012-01-05,0.9256,-1.7618
2012-01-06,0.926,0.0432
2012-01-09,0.9431,1.8467
2012-01-10,0.9606,1.8556
2012-01-11,0.9611,0.0521
2012-01-12,0.9561,-0.5202
2012-01-13,0.9421,-1.4643
2012-01-16,0.9263,-1.6771
2012-01-17,0.9387,1.3387
2012-01-18,0.9173,-2.2797
2012-01-19,0.9201,0.3052
2012-01-20,0.9242,0.4456
2012-01-30,0.9181,-0.66
2012-01-31,0.9185,0.0436
2012-02-01,0.9127,-0.6315
2012-02-02,0.923,1.1285
2012-02-03,0.9283,0.5742
2012-02-06,0.9305,0.237
2012-02-07,0.9187,-1.2681
2012-02-08,0.9384,2.1443
2012-02-09,0.9399,0.1598
2012-02-10,0.9434,0.3724
2012-02-13,0.9467,0.3498
2012-02-14,0.9457,-0.1056
2012-02-15,0.9541,0.8882
2012-02-16,0.9489,-0.545
2012-02-17,0.9456,-0.3478
2012-02-20,0.9475,0.2009
2012-02-21,0.955,0.7916
2012-02-22,0.9662,1.1728
2012-02-23,0.9665,0.031
2012-02-24,0.9761,0.9933
2012-02-27,0.9759,-0.0205
2012-02-28,0.9732,-0.2767
2012-02-29,0.9618,-1.1714
2012-03-01,0.9683,0.6758
2012-03-02,0.9836,1.5801
2012-03-05,0.9857,0.2135
2012-03-06,0.9803,-0.5478
2012-03-07,0.9731,-0.7345
2012-03-08,0.983,1.0174
2012-03-09,0.9939,1.1089
2012-03-12,0.9974,0.3521
2012-03-13,1.007,0.9625
2012-03-14,0.9648,-4.1907
2012-03-15,0.9558,-0.9328
2012-03-16,0.9767,2.1866
2012-03-19,0.9886,1.2184
2012-03-20,0.9638,-2.5086
2012-03-21,0.9618,-0.2075
2012-03-22,0.9605,-0.1352
2012-03-23,0.9422,-1.9053
2012-03-26,0.9415,-0.0743
2012-03-27,0.9396,-0.2018
2012-03-28,0.8989,-4.3316
2012-03-29,0.8832,-1.7466
2012-03-30,0.8817,-0.1698
2012-03-31,0.8817,0.0
2012-04-05,0.9065,2.8127
2012-04-06,0.9153,0.9708
2012-04-09,0.9049,-1.1362
2012-04-10,0.9176,1.4035
2012-04-11,0.922,0.4795
2012-04-12,0.9393,1.8764
2012-04-13,0.9452,0.6281
2012-04-16,0.947,0.1904
2012-04-17,0.9338,-1.3939
2012-04-18,0.9552,2.2917
2012-04-19,0.9556,0.0419
2012-04-20,0.9623,0.7011
2012-04-23,0.9512,-1.1535
2012-04-24,0.9459,-0.5572
2012-04-25,0.9543,0.888
2012-04-26,0.9526,-0.1781
2012-04-27,0.945,-0.7978
2012-05-02,0.9539,0.9418
2012-05-03,0.9598,0.6185
2012-05-04,0.9705,1.1148
2012-05-07,0.9769,0.6595
2012-05-08,0.977,0.0102
2012-05-09,0.9611,-1.6274
2012-05-10,0.963,0.1977
2012-05-11,0.9552,-0.81
2012-05-14,0.9507,-0.4711
2012-05-15,0.9515,0.0841
2012-05-16,0.9398,-1.2296
2012-05-17,0.9574,1.8727
2012-05-18,0.9414,-1.6712
2012-05-21,0.9441,0.2868
2012-05-22,0.9612,1.8112
2012-05-23,0.9632,0.2081
2012-05-24,0.9574,-0.6022
2012-05-25,0.9471,-1.0758
2012-05-28,0.9623,1.6049
2012-05-29,0.9757,1.3925
2012-05-30,0.9784,0.2767
2012-05-31,0.98,0.1635
2012-06-01,0.9779,-0.2143
2012-06-04,0.9496,-2.894
2012-06-05,0.9455,-0.4318
2012-06-06,0.9428,-0.2856
2012-06-07,0.9384,-0.4667
2012-06-08,0.9354,-0.3197
2012-06-11,0.9497,1.5288
2012-06-12,0.9436,-0.6423
2012-06-13,0.9588,1.6109
2012-06-14,0.9472,-1.2098
2012-06-15,0.945,-0.2323
2012-06-18,0.9543,0.9841
2012-06-19,0.9466,-0.8069
2012-06-20,0.9429,-0.3909
2012-06-21,0.9283,-1.5484
2012-06-25,0.8995,-3.1024
2012-06-26,0.8993,-0.0222
2012-06-27,0.8958,-0.3892
2012-06-28,0.8902,-0.6251
2012-06-29,0.903,1.4379
2012-06-30,0.903,0.0
2012-07-02,0.9139,1.2071
2012-07-03,0.9129,-0.1094
2012-07-04,0.9104,-0.2739
2012-07-05,0.8973,-1.4389
2012-07-06,0.918,2.3069
2012-07-09,0.9129,-0.5556
2012-07-10,0.9044,-0.9311
2012-07-11,0.9127,0.9177
2012-07-12,0.9239,1.2271
2012-07-13,0.9242,0.0325
2012-07-16,0.9019,-2.4129
2012-07-17,0.9045,0.2883
2012-07-18,0.9008,-0.4091
2012-07-19,0.9026,0.1998
2012-07-20,0.9002,-0.2659
2012-07-23,0.893,-0.7998
2012-07-24,0.8965,0.3919
2012-07-25,0.8901,-0.7139
2012-07-26,0.8851,-0.5617
2012-07-27,0.874,-1.2541
2012-07-30,0.86,-1.6018
2012-07-31,0.8501,-1.1512
2012-08-01,0.8622,1.4234
2012-08-02,0.8613,-0.1044
2012-08-03,0.8769,1.8112
2012-08-06,0.895,2.0641
2012-08-07,0.8947,-0.0335
2012-08-08,0.8931,-0.1788
2012-08-09,0.9075,1.6124
2012-08-10,0.9086,0.1212
2012-08-13,0.8941,-1.5959
2012-08-14,0.8962,0.2349
2012-08-15,0.89,-0.6918
2012-08-16,0.8821,-0.8876
2012-08-17,0.8792,-0.3288
2012-08-20,0.8846,0.6142
2012-08-21,0.8978,1.4922
2012-08-22,0.8945,-0.3676
2012-08-23,0.8991,0.5143
2012-08-24,0.8861,-1.4459
2012-08-27,0.8649,-2.3925
2012-08-28,0.8689,0.4625
2012-08-29,0.8631,-0.6675
2012-08-30,0.8485,-1.6916
2012-08-31,0.8501,0.1886
2012-09-03,0.8637,1.5998
2012-09-04,0.8577,-0.6947
2012-09-05,0.8633,0.6529
2012-09-06,0.869,0.6603
2012-09-07,0.8906,2.4856
2012-09-10,0.8932,0.2919
2012-09-11,0.8901,-0.3471
2012-09-12,0.893,0.3258
2012-09-13,0.8821,-1.2206
2012-09-14,0.8778,-0.4875
2012-09-17,0.8546,-2.643
2012-09-18,0.8551,0.0585
2012-09-19,0.8626,0.8771
2012-09-20,0.8406,-2.5504
2012-09-21,0.8326,-0.9517
2012-09-24,0.8377,0.6125
2012-09-25,0.8305,-0.8595
2012-09-26,0.8133,-2.071
2012-09-27,0.8305,2.1148
2012-09-28,0.8426,1.457
2012-09-30,0.8426,0.0
2012-10-08,0.8403,-0.273
2012-10-09,0.8581,2.1183
2012-10-10,0.8644,0.7342
2012-10-11,0.8532,-1.2957
2012-10-12,0.8488,-0.5157
2012-10-15,0.8384,-1.2253
2012-10-16,0.8433,0.5844
2012-10-17,0.8453,0.2372
2012-10-18,0.8561,1.2777
2012-10-19,0.855,-0.1285
2012-10-22,0.8576,0.3041
2012-10-23,0.8469,-1.2477
2012-10-24,0.8446,-0.2716
2012-10-25,0.8349,-1.1485
2012-10-26,0.8207,-1.7008
2012-10-29,0.8214,0.0853
2012-10-30,0.8208,-0.073
2012-10-31,0.8216,0.0975
2012-11-01,0.833,1.3875
2012-11-02,0.8345,0.1801
2012-11-05,0.8275,-0.8388
2012-11-06,0.8217,-0.7009
2012-11-07,0.8193,-0.2921
2012-11-08,0.8066,-1.5501
2012-11-09,0.7995,-0.8802
2012-11-12,0.8001,0.075
2012-11-13,0.7909,-1.1499
2012-11-14,0.7909,0.0
2012-11-15,0.7845,-0.8092
2012-11-16,0.7808,-0.4716
2012-11-19,0.7801,-0.0897
2012-11-20,0.7839,0.4871
2012-11-21,0.7915,0.9695
2012-11-22,0.7872,-0.5433
2012-11-23,0.7903,0.3938
2012-11-26,0.783,-0.9237
2012-11-27,0.7686,-1.8391
2012-11-28,0.755,-1.7695
2012-11-29,0.7573,0.3046
2012-11-30,0.7741,2.2184
2012-12-03,0.7726,-0.1938
2012-12-04,0.7824,1.2684
2012-12-05,0.8037,2.7224
2012-12-06,0.8049,0.1493
2012-12-07,0.8124,0.9318
2012-12-10,0.8177,0.6524
2012-12-11,0.8103,-0.905
2012-12-12,0.8143,0.4936
2012-12-13,0.8115,-0.3439
2012-12-14,0.8466,4.3253
2012-12-17,0.8469,0.0354
2012-12-18,0.8405,-0.7557
2012-12-19,0.8415,0.119
2012-12-20,0.8495,0.9507
2012-12-21,0.8407,-1.0359
2012-12-24,0.8467,0.7137
2012-12-25,0.8717,2.9526
2012-12-26,0.8798,0.9292
2012-12-27,0.8725,-0.8297
2012-12-28,0.8842,1.341
2012-12-31,0.9033,2.1601
2013-01-04,0.9147,1.262
2013-01-07,0.9133,-0.1531
2013-01-08,0.9088,-0.4927
2013-01-09,0.9098,0.11
2013-01-10,0.9131,0.3627
2013-01-11,0.8918,-2.3327
2013-01-14,0.9178,2.9155
2013-01-15,0.9248,0.7627
2013-01-16,0.9121,-1.3733
2013-01-17,0.9032,-0.9758
2013-01-18,0.9154,1.3508
2013-01-21,0.9276,1.3328
2013-01-22,0.917,-1.1427
2013-01-23,0.9172,0.0218
2013-01-24,0.897,-2.2024
2013-01-25,0.8951,-0.2118
2013-01-28,0.9229,3.1058
2013-01-29,0.9322,1.0077
2013-01-30,0.9366,0.472
2013-01-31,0.929,-0.8114
2013-02-01,0.9382,0.9903
2013-02-04,0.9377,-0.0533
2013-02-05,0.9455,0.8318
2013-02-06,0.9457,0.0212
2013-02-07,0.9448,-0.0952
2013-02-08,0.9574,1.3336
2013-02-18,0.9567,-0.0731
2013-02-19,0.931,-2.6863
2013-02-20,0.9535,2.4168
2013-02-21,0.9329,-2.1605
2013-02-22,0.9298,-0.3323
2013-02-25,0.9432,1.4412
2013-02-26,0.9315,-1.2405
2013-02-27,0.9261,-0.5797
2013-02-28,0.9436,1.8896
2013-03-01,0.9596,1.6956
2013-03-04,0.9259,-3.5119
2013-03-05,0.9515,2.7649
2013-03-06,0.9606,0.9564
2013-03-07,0.9414,-1.9988
2013-03-08,0.9289,-1.3278
2013-03-11,0.9326,0.3983
2013-03-12,0.9087,-2.5627
2013-03-13,0.9037,-0.5502
2013-03-14,0.9075,0.4205
2013-03-15,0.9073,-0.022
2013-03-18,0.8953,-1.3226
2013-03-19,0.8932,-0.2346
2013-03-20,0.9216,3.1796
2013-03-21,0.9341,1.3563
2013-03-22,0.9316,-0.2676
2013-03-25,0.932,0.0429
2013-03-26,0.9287,-0.3541
2013-03-27,0.9313,0.28
2013-03-28,0.9096,-2.3301
2013-03-29,0.9096,0.0
2013-04-01,0.9175,0.8685
2013-04-02,0.889,-3.1063
2013-04-03,0.8775,-1.2936
2013-04-08,0.8969,2.2108
2013-04-09,0.9046,0.8585
2013-04-10,0.8998,-0.5306
2013-04-11,0.9004,0.0667
2013-04-12,0.8949,-0.6108
2013-04-15,0.8885,-0.7152
2013-04-16,0.8995,1.238
2013-04-17,0.9168,1.9233
2013-04-18,0.9195,0.2945
2013-04-19,0.9413,2.3709
2013-04-22,0.9529,1.2323
2013-04-23,0.923,-3.1378
2013-04-24,0.942,2.0585
2013-04-25,0.922,-2.1231
2013-04-26,0.8995,-2.4403
2013-05-02,0.913,1.5008
2013-05-03,0.9363,2.552
2013-05-06,0.9581,2.3283
2013-05-07,0.9621,0.4175
2013-05-08,0.9697,0.7899
2013-05-09,0.9739,0.4331
2013-05-10,0.9747,0.0821
2013-05-13,0.983,0.8515
2013-05-14,0.9735,-0.9664
2013-05-15,1.0013,2.8557
2013-05-16,1.0056,0.4294
2013-05-17,1.0275,2.1778
2013-05-20,1.0545,2.6277
2013-05-21,1.0733,1.7828
2013-05-22,1.0363,-3.4473
2013-05-23,1.0353,-0.0965
2013-05-24,1.0649,2.8591
2013-05-27,1.091,2.4509
2013-05-28,1.0698,-1.9432
2013-05-29,1.0742,0.4113
2013-05-30,1.0764,0.2048
2013-05-31,1.0779,0.1394
2013-06-03,1.0522,-2.3843
2013-06-04,1.0109,-3.9251
2013-06-05,1.023,1.197
2013-06-06,1.0005,-2.1994
2013-06-07,0.9958,-0.4698
2013-06-13,0.9922,-0.3615
2013-06-14,1.0385,4.6664
2013-06-17,1.0483,0.9437
2013-06-18,1.0434,-0.4674
2013-06-19,1.0358,-0.7284
2013-06-20,0.9887,-4.5472
2013-06-21,0.98,-0.8799
2013-06-24,0.9263,-5.4796
2013-06-25,0.9238,-0.2699
2013-06-26,0.9701,5.0119
2013-06-27,0.9466,-2.4224
2013-06-28,0.9368,-1.0353
2013-06-30,0.9367,-0.0107
2013-07-01,0.9755,4.1422
2013-07-02,0.9984,2.3475
2013-07-03,1.0132,1.4824
2013-07-04,0.993,-1.9937
2013-07-05,0.9674,-2.578
2013-07-08,0.9188,-5.0238
2013-07-09,0.9271,0.9034
2013-07-10,0.9482,2.2759
2013-07-11,0.9657,1.8456
2013-07-12,0.9697,0.4142
2013-07-15,1.0065,3.795
2013-07-16,1.0234,1.6791
2013-07-17,1.0,-2.2865
2013-07-18,1.0046,0.46
2013-07-19,0.9921,-1.2443
2013-07-22,1.0248,3.296
2013-07-23,1.0497,2.4297
2013-07-24,1.074,2.3149
2013-07-25,1.0233,-4.7207
2013-07-26,1.026,0.2639
2013-07-29,1.0038,-2.1637
2013-07-30,0.9808,-2.2913
2013-07-31,0.9876,0.6933
2013-08-01,1.0266,3.949
2013-08-02,1.0223,-0.4189
2013-08-05,1.0357,1.3108
2013-08-06,1.0526,1.6317
2013-08-07,1.0263,-2.4986
2013-08-08,1.0332,0.6723
2013-08-09,1.0172,-1.5486
2013-08-12,1.0079,-0.9143
2013-08-13,1.0189,1.0914
2013-08-14,1.0175,-0.1374
2013-08-15,1.0058,-1.1499
2013-08-16,0.9753,-3.0324
2013-08-19,1.0021,2.7479
2013-08-20,1.0136,1.1476
2013-08-21,1.0203,0.661
2013-08-22,1.0354,1.48
2013-08-23,1.0448,0.9079
2013-08-26,1.067,2.1248
2013-08-27,1.0764,0.881
2013-08-28,1.0529,-2.1832
2013-08-29,1.0444,-0.8073
2013-08-30,0.9986,-4.3853
2013-09-02,1.015,1.6423
2013-09-03,1.0311,1.5862
2013-09-04,1.0321,0.097
2013-09-05,1.0539,2.1122
2013-09-06,1.068,1.3379
2013-09-09,1.0612,-0.6367
2013-09-10,1.0588,-0.2262
2013-09-11,1.0109,-4.524
2013-09-12,1.0064,-0.4451
2013-09-13,1.0202,1.3712
2013-09-16,1.0358,1.5291
2013-09-17,1.0195,-1.5737
2013-09-18,1.0314,1.1672
2013-09-23,1.0702,3.7619
2013-09-24,1.081,1.0092
2013-09-25,1.0802,-0.074
2013-09-26,1.0557,-2.2681
2013-09-27,1.0571,0.1326
2013-09-30,1.0897,3.0839
2013-10-08,1.1011,1.0462
2013-10-09,1.1147,1.2351
2013-10-10,1.0806,-3.0591
2013-10-11,1.0816,0.0925
2013-10-14,1.1004,1.7382
2013-10-15,1.095,-0.4907
2013-10-16,1.0481,-4.2831
2013-10-17,1.0464,-0.1622
2013-10-18,1.0599,1.2901
2013-10-21,1.0963,3.4343
2013-10-22,1.0529,-3.9588
2013-10-23,1.0273,-2.4314
2013-10-24,1.0214,-0.5743
2013-10-25,0.9939,-2.6924
2013-10-28,0.994,0.0101
2013-10-29,0.968,-2.6157
2013-10-30,0.9882,2.0868
2013-10-31,0.9632,-2.5299
2013-11-01,0.9588,-0.4568
2013-11-04,0.9549,-0.4068
2013-11-05,0.9786,2.4819
2013-11-06,0.955,-2.4116
2013-11-07,0.9373,-1.8534
2013-11-08,0.9319,-0.5761
2013-11-11,0.9383,0.6868
2013-11-12,0.9509,1.3429
2013-11-13,0.9387,-1.283
2013-11-14,0.9682,3.1426
2013-11-15,0.985,1.7352
2013-11-18,0.9996,1.4822
2013-11-19,0.9978,-0.1801
2013-11-20,0.994,-0.3808
2013-11-21,0.9895,-0.4527
2013-11-22,0.9865,-0.3032
2013-11-25,0.9883,0.1825
2013-11-26,0.9912,0.2934
2013-11-27,1.0161,2.5121
2013-11-28,1.0254,0.9153
2013-11-29,1.0577,3.15
2013-12-02,0.9749,-7.8283
2013-12-03,0.9869,1.2309
2013-12-04,0.9782,-0.8815
2013-12-05,0.9519,-2.6886
2013-12-06,0.9495,-0.2521
2013-12-09,0.9641,1.5377
2013-12-10,0.9553,-0.9128
2013-12-11,0.9583,0.314
2013-12-12,0.9797,2.2331
2013-12-13,0.9795,-0.0204
2013-12-16,0.9719,-0.7759
2013-12-17,0.9716,-0.0309
2013-12-18,0.9662,-0.5558
2013-12-19,0.9616,-0.4761
2013-12-20,0.9509,-1.1127
2013-12-23,0.9572,0.6625
2013-12-24,0.9739,1.7447
2013-12-25,0.9961,2.2795
2013-12-26,0.983,-1.3151
2013-12-27,1.0039,2.1261
2013-12-30,1.0093,0.5379
2013-12-31,1.0088,-0.0495
2014-01-02,1.0315,2.2502
2014-01-03,1.0353,0.3684
2014-01-06,1.0051,-2.917
2014-01-07,1.017,1.184
2014-01-08,1.0573,3.9626
2014-01-09,1.0391,-1.7214
2014-01-10,1.0105,-2.7524
2014-01-13,1.0079,-0.2573
2014-01-14,1.0428,3.4626
2014-01-15,1.0592,1.5727
2014-01-16,1.0477,-1.0857
2014-01-17,1.0493,0.1527
2014-01-20,1.0462,-0.2954
2014-01-21,1.0811,3.3359
2014-01-22,1.1018,1.9147
2014-01-23,1.1312,2.6684
2014-01-24,1.1589,2.4487
2014-01-27,1.1608,0.1639
2014-01-28,1.155,-0.4997
2014-01-29,1.1868,2.7532
2014-01-30,1.1872,0.0337
2014-02-07,1.2222,2.9481
2014-02-10,1.2455,1.9064
2014-02-11,1.2245,-1.6861
2014-02-12,1.2302,0.4655
2014-02-13,1.1769,-4.3326
2014-02-14,1.1957,1.5974
2014-02-17,1.2368,3.4373
2014-02-18,1.2321,-0.38
2014-02-19,1.2356,0.2841
2014-02-20,1.2168,-1.5215
2014-02-21,1.2149,-0.1561
2014-02-24,1.2395,2.0249
2014-02-25,1.1937,-3.695
2014-02-26,1.193,-0.0586
2014-02-27,1.1641,-2.4225
2014-02-28,1.1823,1.5634
2014-03-03,1.2036,1.8016
2014-03-04,1.1984,-0.432
2014-03-05,1.2022,0.3171
2014-03-06,1.1967,-0.4575
2014-03-07,1.1959,-0.0669
2014-03-10,1.1447,-4.2813
2014-03-11,1.1182,-2.315
2014-03-12,1.1157,-0.2236
2014-03-13,1.1538,3.4149
2014-03-14,1.156,0.1907
2014-03-17,1.1993,3.7457
2014-03-18,1.2018,0.2085
2014-03-19,1.1928,-0.7489
2014-03-20,1.1461,-3.9152
2014-03-21,1.1525,0.5584
2014-03-24,1.1238,-2.4902
2014-03-25,1.1233,-0.0445
2014-03-26,1.1407,1.549
2014-03-27,1.1041,-3.2086
2014-03-28,1.0565,-4.3112
2014-03-31,1.0557,-0.0757
2014-04-01,1.0834,2.6239
2014-04-02,1.0573,-2.4091
2014-04-03,1.0534,-0.3689
2014-04-04,1.0726,1.8227
2014-04-08,1.0763,0.345
2014-04-09,1.0993,2.137
2014-04-10,1.12,1.883
2014-04-11,1.1053,-1.3125
2014-04-14,1.1047,-0.0543
2014-04-15,1.101,-0.3349
2014-04-16,1.0917,-0.8447
2014-04-17,1.0922,0.0458
2014-04-18,1.1021,0.9064
2014-04-21,1.0883,-1.2522
2014-04-22,1.065,-2.141
2014-04-23,1.0488,-1.5211
2014-04-24,1.0358,-1.2395
2014-04-25,1.0204,-1.4868
2014-04-28,0.9947,-2.5186
2014-04-29,0.9967,0.2011
2014-04-30,1.0038,0.7124
2014-05-05,1.0252,2.1319
2014-05-06,1.0416,1.5997
2014-05-07,1.0128,-2.765
2014-05-08,1.0014,-1.1256
2014-05-09,0.9752,-2.6163
2014-05-12,0.9915,1.6715
2014-05-13,0.9928,0.1311
2014-05-14,1.0007,0.7957
2014-05-15,0.9822,-1.8487
2014-05-16,0.9746,-0.7738
2014-05-19,0.9745,-0.0103
2014-05-20,0.9955,2.155
2014-05-21,1.0054,0.9945
2014-05-22,1.0234,1.7903
2014-05-23,1.0462,2.2279
2014-05-26,1.0725,2.5139
2014-05-27,1.0595,-1.2121
2014-05-28,1.0854,2.4445
2014-05-29,1.0743,-1.0227
2014-05-30,1.0765,0.2048
2014-06-03,1.0767,0.0186
2014-06-04,1.0767,0.0
2014-06-05,1.102,2.3498
2014-06-06,1.0959,-0.5535
2014-06-09,1.0711,-2.263
2014-06-10,1.0928,2.026
2014-06-11,1.1017,0.8144
2014-06-12,1.1029,0.1089
2014-06-13,1.1208,1.623
2014-06-16,1.1292,0.7495
2014-06-17,1.1157,-1.1955
2014-06-18,1.1093,-0.5736
2014-06-19,1.0625,-4.2189
2014-06-20,1.0752,1.1953
2014-06-23,1.0933,1.6834
2014-06-24,1.0985,0.4756
2014-06-25,1.0861,-1.1288
2014-06-26,1.1027,1.5284
2014-06-27,1.1114,0.789
2014-06-30,1.1251,1.2327
2014-07-01,1.1383,1.1732
2014-07-02,1.1454,0.6237
2014-07-03,1.1453,-0.0087
2014-07-04,1.1364,-0.7771
2014-07-07,1.1258,-0.9328
2014-07-08,1.1371,1.0037
2014-07-09,1.1132,-2.1018
2014-07-10,1.1035,-0.8714
2014-07-11,1.0963,-0.6525
2014-07-14,1.0915,-0.4378
2014-07-15,1.0719,-1.7957
2014-07-16,1.0467,-2.351
2014-07-17,1.0453,-0.1338
2014-07-18,1.0449,-0.0383
2014-07-21,1.0507,0.5551
2014-07-22,1.0648,1.342
2014-07-23,1.0366,-2.6484
2014-07-24,1.0299,-0.6463
2014-07-25,1.0355,0.5437
2014-07-28,1.0543,1.8155
2014-07-29,1.0664,1.1477
2014-07-30,1.0693,0.2719
2014-07-31,1.0679,-0.1309
2014-08-01,1.0516,-1.5264
2014-08-04,1.0568,0.4945
2014-08-05,1.072,1.4383
2014-08-06,1.0754,0.3172
2014-08-07,1.0741,-0.1209
2014-08-08,1.0889,1.3779
2014-08-11,1.0991,0.9367
2014-08-12,1.1057,0.6005
2014-08-13,1.0936,-1.0943
2014-08-14,1.1001,0.5944
2014-08-15,1.1161,1.4544
2014-08-18,1.1454,2.6252
2014-08-19,1.1552,0.8556
2014-08-20,1.1412,-1.2119
2014-08-21,1.1431,0.1665
2014-08-22,1.1621,1.6621
2014-08-25,1.1572,-0.4217
2014-08-26,1.1309,-2.2727
2014-08-27,1.1365,0.4952
2014-08-28,1.1368,0.0264
2014-08-29,1.1484,1.0204
2014-09-01,1.1768,2.473
2014-09-02,1.1931,1.3851
2014-09-03,1.2029,0.8214
2014-09-04,1.2101,0.5986
2014-09-05,1.2054,-0.3884
2014-09-09,1.2101,0.3899
2014-09-10,1.2161,0.4958
2014-09-11,1.226,0.8141
2014-09-12,1.2429,1.3785
2014-09-15,1.2523,0.7563
2014-09-16,1.2055,-3.7371
2014-09-17,1.2109,0.4479
2014-09-18,1.2221,0.9249
2014-09-19,1.2352,1.0719
2014-09-22,1.2263,-0.7205
2014-09-23,1.2515,2.055
2014-09-24,1.2602,0.6952
2014-09-25,1.2559,-0.3412
2014-09-26,1.2492,-0.5335
2014-09-29,1.2667,1.4009
2014-09-30,1.2918,1.9815
2014-10-08,1.3075,1.2154
2014-10-09,1.298,-0.7266
2014-10-10,1.2901,-0.6086
2014-10-13,1.281,-0.7054
2014-10-14,1.2635,-1.3661
2014-10-15,1.2763,1.0131
2014-10-16,1.2624,-1.0891
2014-10-17,1.233,-2.3289
2014-10-20,1.2727,3.2198
2014-10-21,1.2642,-0.6679
2014-10-22,1.259,-0.4113
2014-10-23,1.239,-1.5886
2014-10-24,1.2412,0.1776
2014-10-27,1.2631,1.7644
2014-10-28,1.2957,2.581
2014-10-29,1.3163,1.5899
2014-10-30,1.3103,-0.4558
2014-10-31,1.2976,-0.9692
2014-11-03,1.3094,0.9094
2014-11-04,1.283,-2.0162
2014-11-05,1.2745,-0.6625
2014-11-06,1.2922,1.3888
2014-11-07,1.2876,-0.356
2014-11-10,1.2737,-1.0795
2014-11-11,1.2306,-3.3838
2014-11-12,1.2477,1.3896
2014-11-13,1.2175,-2.4205
2014-11-14,1.212,-0.4517
2014-11-17,1.2323,1.6749
2014-11-18,1.2394,0.5762
2014-11-19,1.2609,1.7347
2014-11-20,1.2495,-0.9041
2014-11-21,1.2651,1.2485
2014-11-24,1.2711,0.4743
2014-11-25,1.299,2.1949
2014-11-26,1.3302,2.4018
2014-11-27,1.3384,0.6164
2014-11-28,1.3538,1.1506
2014-12-01,1.3414,-0.9159
2014-12-02,1.3622,1.5506
2014-12-03,1.3603,-0.1395
2014-12-04,1.3736,0.9777
2014-12-05,1.3357,-2.7592
2014-12-08,1.3002,-2.6578
2014-12-09,1.2199,-6.176
2014-12-10,1.261,3.3691
2014-12-11,1.2706,0.7613
2014-12-12,1.3121,3.2662
2014-12-15,1.3746,4.7634
2014-12-16,1.3598,-1.0767
2014-12-17,1.3645,0.3456
2014-12-18,1.3795,1.0993
2014-12-19,1.3516,-2.0225
2014-12-22,1.261,-6.7032
2014-12-23,1.2346,-2.0936
2014-12-24,1.2558,1.7172
2014-12-25,1.2792,1.8634
2014-12-26,1.282,0.2189
2014-12-29,1.2355,-3.6271
2014-12-30,1.2101,-2.0558
2014-12-31,1.227,1.3966
2015-01-05,1.234,0.5705
2015-01-06,1.2454,0.9238
2015-01-07,1.2444,-0.0803
2015-01-08,1.2322,-0.9804
2015-01-09,1.2368,0.3733
2015-01-12,1.2259,-0.8813
2015-01-13,1.2466,1.6886
2015-01-14,1.24,-0.5294
2015-01-15,1.2542,1.1452
2015-01-16,1.2985,3.5321
2015-01-19,1.2581,-3.1113
2015-01-20,1.3218,5.0632
2015-01-21,1.3492,2.0729
2015-01-22,1.3725,1.7269
2015-01-23,1.3323,-2.929
2015-01-26,1.3802,3.5953
2015-01-27,1.3907,0.7608
2015-01-28,1.3803,-0.7478
2015-01-29,1.3729,-0.5361
2015-01-30,1.3294,-3.1685
2015-02-02,1.351,1.6248
2015-02-03,1.4034,3.8786
2015-02-04,1.4156,0.8693
2015-02-05,1.4341,1.3069
2015-02-06,1.3844,-3.4656
2015-02-09,1.3545,-2.1598
2015-02-10,1.3922,2.7833
2015-02-11,1.4249,2.3488
2015-02-12,1.4323,0.5193
2015-02-13,1.4481,1.1031
2015-02-16,1.5102,4.2884
2015-02-17,1.5181,0.5231
2015-02-25,1.4807,-2.4636
2015-02-26,1.4789,-0.1216
2015-02-27,1.5011,1.5011
2015-03-02,1.5459,2.9845
2015-03-03,1.5177,-1.8242
2015-03-04,1.5433,1.6868
2015-03-05,1.5351,-0.5313
2015-03-06,1.4953,-2.5927
2015-03-09,1.5303,2.3407
2015-03-10,1.5546,1.5879
2015-03-11,1.5529,-0.1094
2015-03-12,1.5428,-0.6504
2015-03-13,1.5871,2.8714
2015-03-16,1.6712,5.299
2015-03-17,1.6803,0.5445
2015-03-18,1.7234,2.565
2015-03-19,1.7507,1.5841
2015-03-20,1.799,2.7589
2015-03-23,1.8757,4.2635
2015-03-24,1.9443,3.6573
2015-03-25,1.9528,0.4372
2015-03-26,1.8622,-4.6395
2015-03-27,1.8793,0.9183
2015-03-30,1.8561,-1.2345
2015-03-31,1.8801,1.293
2015-04-01,1.9301,2.6594
2015-04-02,1.9893,3.0672
2015-04-03,2.0211,1.5986
2015-04-07,2.0773,2.7807
2015-04-08,2.0735,-0.1829
2015-04-09,2.0982,1.1912
2015-04-10,2.1692,3.3839
2015-04-13,2.2102,1.8901
2015-04-14,2.193,-0.7782
2015-04-15,2.0844,-4.9521
2015-04-16,2.1125,1.3481
2015-04-17,2.0851,-1.297
2015-04-20,2.0142,-3.4003
2015-04-21,2.1222,5.3619
2015-04-22,2.1791,2.6812
2015-04-23,2.2132,1.5649
2015-04-24,2.2162,0.1356
2015-04-27,2.2088,-0.3339
2015-04-28,2.1012,-4.8714
2015-04-29,2.1892,4.1881
2015-04-30,2.2382,2.2383
2015-05-04,2.224,-0.6344
2015-05-05,2.1789,-2.0279
2015-05-06,2.2401,2.8088
2015-05-07,2.2407,0.0268
2015-05-08,2.3926,6.7791
2015-05-11,2.5815,7.8952
2015-05-12,2.7124,5.0707
2015-05-13,2.7035,-0.3281
2015-05-14,2.6523,-1.8938
2015-05-15,2.7045,1.9681
2015-05-18,2.8738,6.2599
2015-05-19,2.9592,2.9717
2015-05-20,3.0723,3.822
2015-05-21,3.1382,2.145
2015-05-22,3.0996,-1.23
2015-05-25,3.0835,-0.5194
2015-05-26,3.2261,4.6246
2015-05-27,3.2774,1.5902
2015-05-28,3.135,-4.3449
2015-05-29,3.2574,3.9043
2015-06-01,3.4223,5.0623
2015-06-02,3.5553,3.8863
2015-06-03,3.6209,1.8451
2015-06-04,3.6101,-0.2983
2015-06-05,3.564,-1.277
2015-06-08,3.405,-4.4613
2015-06-09,3.3957,-0.2731
2015-06-10,3.4926,2.8536
2015-06-11,3.5674,2.1417
2015-06-12,3.5689,0.042
2015-06-15,3.422,-4.1161
2015-06-16,3.2568,-4.8276
2015-06-17,3.3761,3.6631
2015-06-18,3.178,-5.8677
2015-06-19,3.0003,-5.5916
2015-06-23,3.0108,0.35
2015-06-24,2.9896,-0.7041
2015-06-25,2.7895,-6.6932
2015-06-26,2.5097,-10.0305
2015-06-29,2.2426,-10.6427
2015-06-30,2.3863,6.4077
2015-07-01,2.2716,-4.8066
2015-07-02,2.1578,-5.0097
2015-07-03,2.0555,-4.7409
2015-07-06,1.8946,-7.8278
2015-07-07,1.7454,-7.875
2015-07-08,1.7061,-2.2516
2015-07-09,1.7689,3.6809
2015-07-10,1.8906,6.88
2015-07-13,2.0312,7.4368
2015-07-14,2.0677,1.797
2015-07-15,1.9601,-5.2038
2015-07-16,1.9444,-0.801
2015-07-17,2.0947,7.7299
2015-07-20,2.1857,4.3443
2015-07-21,2.2439,2.6628
2015-07-22,2.3014,2.5625
2015-07-23,2.3899,3.8455
2015-07-24,2.365,-1.0419
2015-07-27,2.1615,-8.6047
2015-07-28,1.9952,-7.6937
2015-07-29,2.0806,4.2803
2015-07-30,1.9461,-6.4645
2015-07-31,1.8621,-4.3163
2015-08-03,1.7209,-7.5828
2015-08-04,1.8498,7.4903
2015-08-05,1.824,-1.3947
2015-08-06,1.8007,-1.2774
2015-08-07,1.9163,6.4197
2015-08-10,2.0449,6.7108
2015-08-11,2.0488,0.1907
2015-08-12,1.9817,-3.2751
2015-08-13,2.0475,3.3204
2015-08-14,2.0349,-0.6154
2015-08-17,2.0299,-0.2457
2015-08-18,1.8793,-7.4191
2015-08-19,1.9517,3.8525
2015-08-20,1.8994,-2.6797
2015-08-21,1.7462,-8.0657
2015-08-24,1.5912,-8.8764
2015-08-25,1.4512,-8.7984
2015-08-26,1.3611,-6.2087
2015-08-27,1.4076,3.4164
2015-08-28,1.5027,6.7562
2015-08-31,1.4166,-5.7297
2015-09-01,1.3103,-7.5039
2015-09-02,1.2547,-4.2433
2015-09-07,1.3092,4.3437
2015-09-08,1.3973,6.7293
2015-09-09,1.4735,5.4534
2015-09-10,1.4547,-1.2759
2015-09-11,1.4871,2.2273
2015-09-14,1.3757,-7.4911
2015-09-15,1.3059,-5.0738
2015-09-16,1.4064,7.6958
2015-09-17,1.4184,0.8532
2015-09-18,1.4687,3.5462
2015-09-21,1.5512,5.6172
2015-09-22,1.5457,-0.3546
2015-09-23,1.5547,0.5823
2015-09-24,1.5769,1.4279
2015-09-25,1.4987,-4.9591
2015-09-28,1.5917,6.2054
2015-09-29,1.5804,-0.7099
2015-09-30,1.5711,-0.5885
2015-10-08,1.6458,4.7546
2015-10-09,1.6697,1.4522
2015-10-12,1.7425,4.3601
2015-10-13,1.7771,1.9857
2015-10-14,1.7467,-1.7107
2015-10-15,1.8265,4.5686
2015-10-16,1.8636,2.0312
2015-10-19,1.8541,-0.5098
2015-10-20,1.9238,3.7592
2015-10-21,1.7969,-6.5963
2015-10-22,1.8876,5.0476
2015-10-23,1.941,2.829
2015-10-26,1.9576,0.8552
2015-10-27,1.9825,1.272
2015-10-28,1.9129,-3.5107
2015-10-29,1.9188,0.3084
2015-10-30,1.9319,0.6827
2015-11-02,1.8715,-3.1265
2015-11-03,1.8724,0.0481
2015-11-04,1.9981,6.7133
2015-11-05,1.9739,-1.2112
2015-11-06,2.0476,3.7337
2015-11-09,2.1315,4.0975
2015-11-10,2.1536,1.0368
2015-11-11,2.2073,2.4935
2015-11-12,2.2038,-0.1586
2015-11-13,2.1232,-3.6573
2015-11-16,2.2214,4.6251
2015-11-17,2.1925,-1.301
2015-11-18,2.1716,-0.9532
2015-11-19,2.2652,4.3102
2015-11-20,2.2827,0.7726
2015-11-23,2.2412,-1.818
2015-11-24,2.2902,2.1863
2015-11-25,2.3585,2.9823
2015-11-26,2.3352,-0.9879
2015-11-27,2.1726,-6.963
2015-11-30,2.1906,0.8285
2015-12-01,2.142,-2.2186
2015-12-02,2.0845,-2.6844
2015-12-03,2.1657,3.8954
2015-12-04,2.1564,-0.4294
2015-12-07,2.2009,2.0636
2015-12-08,2.1787,-1.0087
2015-12-09,2.1708,-0.3626
2015-12-10,2.2073,1.6814
2015-12-11,2.1917,-0.7067
2015-12-14,2.2169,1.1498
2015-12-15,2.2866,3.144
2015-12-16,2.3168,1.3207
2015-12-17,2.3874,3.0473
2015-12-18,2.38,-0.31
2015-12-21,2.3686,-0.479
2015-12-22,2.3852,0.7008
2015-12-23,2.325,-2.5239
2015-12-24,2.3221,-0.1247
2015-12-25,2.3391,0.7321
2015-12-28,2.3054,-1.4407
2015-12-29,2.2908,-0.6333
2015-12-30,2.3193,1.2441
2015-12-31,2.246,-3.1604
2016-01-04,2.0676,-7.943
2016-01-05,2.0101,-2.781
2016-01-06,2.0499,1.98
2016-01-07,1.8673,-8.9078
2016-01-08,1.8497,-0.9425
2016-01-11,1.7,-8.0932
2016-01-12,1.713,0.7647
2016-01-13,1.6325,-4.6994
2016-01-14,1.7353,6.2971
2016-01-15,1.6902,-2.599
2016-01-18,1.7532,3.7274
2016-01-19,1.8189,3.7474
2016-01-20,1.7884,-1.6768
2016-01-21,1.6963,-5.1499
2016-01-22,1.7347,2.2638
2016-01-25,1.7583,1.3605
2016-01-26,1.6166,-8.0589
2016-01-27,1.6173,0.0433
2016-01-28,1.5251,-5.7009
2016-01-29,1.5997,4.8915
2016-02-01,1.5855,-0.8877
2016-02-02,1.6765,5.7395
2016-02-03,1.6974,1.2466
2016-02-04,1.7372,2.3448
2016-02-05,1.7079,-1.6866
2016-02-15,1.7348,1.575
2016-02-16,1.8282,5.3839
2016-02-17,1.8534,1.3784
2016-02-18,1.8294,-1.2949
2016-02-19,1.8528,1.2791
2016-02-22,1.8751,1.2036
2016-02-23,1.8706,-0.24
2016-02-24,1.8348,-1.9138
2016-02-25,1.6982,-7.445
2016-02-26,1.6718,-1.5546
2016-02-29,1.5635,-6.478
2016-03-01,1.583,1.2472
2016-03-02,1.6543,4.5041
2016-03-03,1.648,-0.3808
2016-03-04,1.5691,-4.7876
2016-03-07,1.6043,2.2433
2016-03-08,1.6141,0.6109
2016-03-09,1.5787,-2.1932
2016-03-10,1.5519,-1.6976
2016-03-11,1.5484,-0.2255
2016-03-14,1.5929,2.8739
2016-03-15,1.5783,-0.9166
2016-03-16,1.5681,-0.6463
2016-03-17,1.6311,4.0176
2016-03-18,1.6908,3.6601
2016-03-21,1.7323,2.4545
2016-03-22,1.7173,-0.8659
2016-03-23,1.7446,1.5897
2016-03-24,1.7038,-2.3386
2016-03-25,1.7005,-0.1937
2016-03-28,1.6852,-0.8997
2016-03-29,1.6596,-1.5191
2016-03-30,1.7216,3.7358
2016-03-31,1.717,-0.2672
2016-04-01,1.6946,-1.3046
2016-04-05,1.7356,2.4195
2016-04-06,1.7425,0.3976
2016-04-07,1.7095,-1.8938
2016-04-08,1.6927,-0.9827
2016-04-11,1.7308,2.2508
2016-04-12,1.7232,-0.4391
2016-04-13,1.7409,1.0272
2016-04-14,1.7571,0.9306
2016-04-15,1.75,-0.4041
2016-04-18,1.7235,-1.5143
2016-04-19,1.7246,0.0638
2016-04-20,1.6664,-3.3747
2016-04-21,1.6571,-0.5581
2016-04-22,1.6712,0.8509
2016-04-25,1.6655,-0.3411
2016-04-26,1.6833,1.0687
2016-04-27,1.6847,0.0832
2016-04-28,1.6786,-0.3621
2016-04-29,1.6777,-0.0536
2016-05-03,1.7224,2.6644
2016-05-04,1.7161,-0.3658
2016-05-05,1.7209,0.2797
2016-05-06,1.6634,-3.3413
2016-05-09,1.6137,-2.9879
2016-05-10,1.6146,0.0558
2016-05-11,1.6233,0.5388
2016-05-12,1.6282,0.3019
2016-05-13,1.6162,-0.737
2016-05-16,1.639,1.4107
2016-05-17,1.6369,-0.1281
2016-05-18,1.6029,-2.0771
2016-05-19,1.6132,0.6426
2016-05-20,1.6258,0.7811
2016-05-23,1.6468,1.2917
2016-05-24,1.6267,-1.2205
2016-05-25,1.6067,-1.2295
2016-05-26,1.621,0.89
2016-05-27,1.6162,-0.2961
2016-05-30,1.6123,-0.2413
2016-05-31,1.6794,4.1618
2016-06-01,1.6866,0.4287
2016-06-02,1.6999,0.7886
2016-06-03,1.7149,0.8824
2016-06-06,1.7238,0.519
2016-06-07,1.7197,-0.2378
2016-06-08,1.7052,-0.8432
2016-06-13,1.6351,-4.111
2016-06-14,1.6669,1.9448
2016-06-15,1.7193,3.1436
2016-06-16,1.7023,-0.9888
2016-06-17,1.718,0.9223
2016-06-20,1.7189,0.0524
2016-06-21,1.708,-0.6341
2016-06-22,1.7309,1.3407
2016-06-23,1.7203,-0.6124
2016-06-24,1.7047,-0.9068
2016-06-27,1.7472,2.4931
2016-06-28,1.766,1.076
2016-06-29,1.765,-0.0566
2016-06-30,1.7675,0.1416
2016-07-01,1.7698,0.1301
2016-07-04,1.8075,2.1302
2016-07-05,1.8078,0.0166
2016-07-06,1.8262,1.0178
2016-07-07,1.8229,-0.1807
2016-07-08,1.8201,-0.1536
2016-07-11,1.8343,0.7802
2016-07-12,1.8791,2.4423
2016-07-13,1.8819,0.149
2016-07-14,1.8759,-0.3188
2016-07-15,1.873,-0.1546
2016-07-18,1.8582,-0.7902
2016-07-19,1.835,-1.2485
2016-07-20,1.8335,-0.0817
2016-07-21,1.8454,0.649
2016-07-22,1.829,-0.8887
2016-07-25,1.8318,0.1531
2016-07-26,1.8683,1.9926
2016-07-27,1.8238,-2.3818
2016-07-28,1.8478,1.3159
2016-07-29,1.842,-0.3139
2016-08-01,1.7979,-2.3941
2016-08-02,1.8069,0.5006
2016-08-03,1.8214,0.8025
2016-08-04,1.821,-0.022
2016-08-05,1.8086,-0.6809
2016-08-08,1.8272,1.0284
2016-08-09,1.8338,0.3612
2016-08-10,1.8261,-0.4199
2016-08-11,1.8045,-1.1828
2016-08-12,1.8187,0.7869
2016-08-15,1.8588,2.2049
2016-08-16,1.8592,0.0215
2016-08-17,1.8684,0.4948
2016-08-18,1.8567,-0.6262
2016-08-19,1.8515,-0.2801
2016-08-22,1.8381,-0.7237
2016-08-23,1.8416,0.1904
2016-08-24,1.8472,0.3041
2016-08-25,1.8371,-0.5468
2016-08-26,1.8451,0.4355
2016-08-29,1.8438,-0.0705
2016-08-30,1.8358,-0.4339
2016-08-31,1.8373,0.0817
2016-09-01,1.837,-0.0163
2016-09-02,1.8248,-0.6641
2016-09-05,1.8291,0.2356
2016-09-06,1.8447,0.8529
2016-09-07,1.8474,0.1464
2016-09-08,1.8585,0.6008
2016-09-09,1.8433,-0.8179
2016-09-12,1.8127,-1.6601
2016-09-13,1.8006,-0.6675
2016-09-14,1.7859,-0.8164
2016-09-19,1.7996,0.7671
2016-09-20,1.801,0.0778
2016-09-21,1.7968,-0.2332
2016-09-22,1.8126,0.8793
2016-09-23,1.8031,-0.5241
2016-09-26,1.7677,-1.9633
2016-09-27,1.7731,0.3055
2016-09-28,1.7756,0.141
2016-09-29,1.7771,0.0845
2016-09-30,1.7839,0.3826
2016-10-10,1.8204,2.0461
2016-10-11,1.8264,0.3296
2016-10-12,1.8263,-0.0055
2016-10-13,1.8237,-0.1424
2016-10-14,1.8192,-0.2468
2016-10-17,1.8038,-0.8465
2016-10-18,1.8264,1.2529
2016-10-19,1.821,-0.2957
2016-10-20,1.8242,0.1757
2016-10-21,1.8201,-0.2248
2016-10-24,1.8313,0.6154
2016-10-25,1.8304,-0.0491
2016-10-26,1.8274,-0.1639
2016-10-27,1.8193,-0.4433
2016-10-28,1.8153,-0.2199
2016-10-31,1.8148,-0.0275
2016-11-01,1.8287,0.7659
2016-11-02,1.8205,-0.4484
2016-11-03,1.8285,0.4394
2016-11-04,1.8176,-0.5961
2016-11-07,1.812,-0.3081
2016-11-08,1.8217,0.5353
2016-11-09,1.8061,-0.8563
2016-11-10,1.825,1.0465
2016-11-11,1.8214,-0.1973
2016-11-14,1.8202,-0.0659
2016-11-15,1.8244,0.2307
2016-11-16,1.8209,-0.1918
2016-11-17,1.8224,0.0824
2016-11-18,1.8174,-0.2744
2016-11-21,1.8172,-0.011
2016-11-22,1.8238,0.3632
2016-11-23,1.8122,-0.636
2016-11-24,1.8098,-0.1324
2016-11-25,1.822,0.6741
2016-11-28,1.8215,-0.0274
2016-11-29,1.8298,0.4557
2016-11-30,1.8144,-0.8416
2016-12-01,1.8215,0.3913
2016-12-02,1.7979,-1.2956
2016-12-05,1.7788,-1.0624
2016-12-06,1.7813,0.1405
2016-12-07,1.7923,0.6175
2016-12-08,1.7852,-0.3961
2016-12-09,1.7914,0.3473
2016-12-12,1.7419,-2.7632
2016-12-13,1.752,0.5798
2016-12-14,1.7428,-0.5251
2016-12-15,1.7274,-0.8836
2016-12-16,1.734,0.3821
2016-12-19,1.7297,-0.248
2016-12-20,1.7157,-0.8094
2016-12-21,1.7369,1.2356
2016-12-22,1.7405,0.2073
2016-12-23,1.728,-0.7182
2016-12-26,1.7339,0.3414
2016-12-27,1.7311,-0.1615
2016-12-28,1.7287,-0.1386
2016-12-29,1.726,-0.1562
2016-12-30,1.7351,0.5272
2016-12-31,1.735,-0.0058
2017-01-03,1.7527,1.0144
2017-01-04,1.7658,0.7474
2017-01-05,1.7669,0.0623
2017-01-06,1.7582,-0.4924
2017-01-09,1.7771,1.075
2017-01-10,1.7683,-0.4952
2017-01-11,1.7485,-1.1197
2017-01-12,1.7371,-0.652
2017-01-13,1.7305,-0.3799
2017-01-16,1.7127,-1.0286
2017-01-17,1.7263,0.7941
2017-01-18,1.7243,-0.1159
2017-01-19,1.7186,-0.3306
2017-01-20,1.735,0.9543
2017-01-23,1.7447,0.5591
2017-01-24,1.7495,0.2751
2017-01-25,1.7563,0.3887
2017-01-26,1.7638,0.427
2017-02-03,1.7538,-0.567
2017-02-06,1.7635,0.5531
2017-02-07,1.76,-0.1985
2017-02-08,1.7697,0.5511
2017-02-09,1.7693,-0.0226
2017-02-10,1.7716,0.13
2017-02-13,1.7865,0.841
2017-02-14,1.7861,-0.0224
2017-02-15,1.7728,-0.7446
2017-02-16,1.7873,0.8179
2017-02-17,1.7726,-0.8225
2017-02-20,1.8084,2.0196
2017-02-21,1.8154,0.3871
2017-02-22,1.8266,0.6169
2017-02-23,1.8187,-0.4325
2017-02-24,1.8165,-0.121
2017-02-27,1.792,-1.3487
2017-02-28,1.7999,0.4408
2017-03-01,1.8029,0.1667
2017-03-02,1.7942,-0.4826
2017-03-03,1.7953,0.0613
2017-03-06,1.8102,0.8299
2017-03-07,1.8113,0.0608
2017-03-08,1.805,-0.3478
2017-03-09,1.7928,-0.6759
2017-03-10,1.8053,0.6972
2017-03-13,1.8272,1.2131
2017-03-14,1.825,-0.1204
2017-03-15,1.8297,0.2575
2017-03-16,1.8383,0.47
2017-03-17,1.8147,-1.2838
2017-03-20,1.8224,0.4243
2017-03-21,1.8389,0.9054
2017-03-22,1.8488,0.5384
2017-03-23,1.8599,0.6004
2017-03-24,1.8753,0.828
2017-03-27,1.8595,-0.8425
2017-03-28,1.8559,-0.1936
2017-03-29,1.8553,-0.0323
2017-03-30,1.8282,-1.4607
2017-03-31,1.8356,0.4048
2017-04-05,1.855,1.0569
2017-04-06,1.866,0.593
2017-04-07,1.8651,-0.0482
2017-04-10,1.8561,-0.4825
2017-04-11,1.8521,-0.2155
2017-04-12,1.836,-0.8693
2017-04-13,1.8412,0.2832
2017-04-14,1.8188,-1.2166
2017-04-17,1.812,-0.3739
2017-04-18,1.8217,0.5353
2017-04-19,1.8137,-0.4392
2017-04-20,1.8329,1.0586
2017-04-21,1.8235,-0.5128
2017-04-24,1.8092,-0.7842
2017-04-25,1.8164,0.398
2017-04-26,1.8284,0.6606
2017-04-27,1.8346,0.3391
2017-04-28,1.8129,-1.1828
2017-05-02,1.8122,-0.0386
2017-05-03,1.8132,0.0552
2017-05-04,1.8086,-0.2537
2017-05-05,1.795,-0.752
2017-05-08,1.7652,-1.6602
2017-05-09,1.7717,0.3682
2017-05-10,1.7696,-0.1185
2017-05-11,1.7705,0.0509
2017-05-12,1.7826,0.6834
2017-05-15,1.8059,1.3071
2017-05-16,1.8482,2.3423
2017-05-17,1.8317,-0.8928
2017-05-18,1.83,-0.0928
2017-05-19,1.829,-0.0546
2017-05-22,1.8301,0.0601
2017-05-23,1.8172,-0.7049
2017-05-24,1.82,0.1541
2017-05-25,1.815,-0.2747
2017-05-26,1.7988,-0.8926
2017-05-31,1.7943,-0.2502
2017-06-01,1.7907,-0.2006
2017-06-02,1.7967,0.3351
2017-06-05,1.8032,0.3618
2017-06-06,1.8236,1.1313
2017-06-07,1.8586,1.9193
2017-06-08,1.8762,0.9469
2017-06-09,1.8875,0.6023
2017-06-12,1.8857,-0.0954
2017-06-13,1.8988,0.6947
2017-06-14,1.8699,-1.522
2017-06-15,1.8844,0.7754
2017-06-16,1.8767,-0.4086
2017-06-19,1.8933,0.8845
2017-06-20,1.8962,0.1532
2017-06-21,1.9313,1.8511
2017-06-22,1.9003,-1.6051
2017-06-23,1.9198,1.0262
2017-06-26,1.9498,1.5627
2017-06-27,1.9457,-0.2103
2017-06-28,1.9208,-1.2797
2017-06-29,1.9359,0.7861
2017-06-30,1.934,-0.0981
2017-07-03,1.9147,-0.9979
2017-07-04,1.9033,-0.5954
2017-07-05,1.9227,1.0193
2017-07-06,1.9296,0.3589
2017-07-07,1.9218,-0.4042
2017-07-10,1.9034,-0.9574
2017-07-11,1.8929,-0.5516
2017-07-12,1.8914,-0.0792
2017-07-13,1.8852,-0.3278
2017-07-14,1.8845,-0.0371
2017-07-17,1.8367,-2.5365
2017-07-18,1.8432,0.3539
2017-07-19,1.8793,1.9586
2017-07-20,1.8896,0.5481
2017-07-21,1.8817,-0.4181
2017-07-24,1.8799,-0.0957
2017-07-25,1.8708,-0.4841
2017-07-26,1.8721,0.0695
2017-07-27,1.8796,0.4006
2017-07-28,1.8981,0.9843
2017-07-31,1.9362,2.0073
2017-08-01,1.9392,0.1549
2017-08-02,1.9218,-0.8973
2017-08-03,1.9367,0.7753
2017-08-04,1.9189,-0.9191
2017-08-07,1.9528,1.7666
2017-08-08,1.9678,0.7681
2017-08-09,1.9854,0.8944
2017-08-10,1.982,-0.1713
2017-08-11,1.9235,-2.9516
2017-08-14,1.9774,2.8022
2017-08-15,1.9799,0.1264
2017-08-16,1.9707,-0.4647
2017-08-17,1.9944,1.2026
2017-08-18,1.9789,-0.7772
2017-08-21,2.0001,1.0713
2017-08-22,1.9875,-0.63
2017-08-23,1.9542,-1.6755
2017-08-24,1.9388,-0.788
2017-08-25,1.967,1.4545
2017-08-28,1.9973,1.5404
2017-08-29,1.987,-0.5157
2017-08-30,2.0211,1.7162
2017-08-31,2.0326,0.569
2017-09-01,2.0717,1.9236
2017-09-04,2.0846,0.6227
2017-09-05,2.071,-0.6524
2017-09-06,2.0866,0.7533
2017-09-07,2.0568,-1.4282
2017-09-08,2.0537,-0.1507
2017-09-11,2.0754,1.0566
2017-09-12,2.0763,0.0434
2017-09-13,2.0832,0.3323
2017-09-14,2.0725,-0.5136
2017-09-15,2.0431,-1.4186
2017-09-18,2.0751,1.5662
2017-09-19,2.0718,-0.159
2017-09-20,2.0996,1.3418
2017-09-21,2.0769,-1.0812
2017-09-22,2.0728,-0.1974
2017-09-25,2.0551,-0.8539
2017-09-26,2.0403,-0.7202
2017-09-27,2.0647,1.1959
2017-09-28,2.0919,1.3174
2017-09-29,2.0928,0.043
2017-10-09,2.1395,2.2315
2017-10-10,2.1383,-0.0561
2017-10-11,2.1277,-0.4957
2017-10-12,2.1216,-0.2867
2017-10-13,2.149,1.2915
2017-10-16,2.1205,-1.3262
2017-10-17,2.1356,0.7121
2017-10-18,2.1383,0.1264
2017-10-19,2.1192,-0.8932
2017-10-20,2.138,0.8871
2017-10-23,2.1569,0.884
2017-10-24,2.1593,0.1113
2017-10-25,2.2077,2.2415
2017-10-26,2.221,0.6024
2017-10-27,2.219,-0.09
2017-10-30,2.2186,-0.018
2017-10-31,2.2459,1.2305
2017-11-01,2.2474,0.0668
2017-11-02,2.2238,-1.0501
2017-11-03,2.2388,0.6745
2017-11-06,2.3404,4.5381
2017-11-07,2.3393,-0.047
2017-11-08,2.3188,-0.8763
2017-11-09,2.3734,2.3547
2017-11-10,2.4373,2.6923
2017-11-13,2.4729,1.4606
2017-11-14,2.4043,-2.7741
2017-11-15,2.3843,-0.8318
2017-11-16,2.4403,2.3487
2017-11-17,2.3527,-3.5897
2017-11-20,2.4207,2.8903
2017-11-21,2.4342,0.5577
2017-11-22,2.4096,-1.0106
2017-11-23,2.2879,-5.0506
2017-11-24,2.2624,-1.1146
2017-11-27,2.1882,-3.2797
2017-11-28,2.248,2.7328
2017-11-29,2.2332,-0.6584
2017-11-30,2.1763,-2.5479
2017-12-01,2.2174,1.8885
2017-12-04,2.243,1.1545
2017-12-05,2.2041,-1.7343
2017-12-06,2.2081,0.1815
2017-12-07,2.1871,-0.951
2017-12-08,2.2137,1.2162
2017-12-11,2.2765,2.8369
2017-12-12,2.2616,-0.6545
2017-12-13,2.2892,1.2204
2017-12-14,2.2892,0.0
2017-12-15,2.2532,-1.5726
2017-12-18,2.2317,-0.9542
2017-12-19,2.2532,0.9634
2017-12-20,2.256,0.1243
2017-12-21,2.2981,1.8661
2017-12-22,2.3057,0.3307
2017-12-25,2.2831,-0.9802
2017-12-26,2.2795,-0.1577
2017-12-27,2.229,-2.2154
2017-12-28,2.2283,-0.0314
2017-12-29,2.2456,0.7764
2017-12-31,2.2455,0.0
2018-01-02,2.2661,0.9129
2018-01-03,2.2837,0.7767
2018-01-04,2.287,0.1445
2018-01-05,2.2607,-1.15
2018-01-08,2.2477,-0.575
2018-01-09,2.2606,0.5739
2018-01-10,2.2435,-0.7564
2018-01-11,2.2375,-0.2674
2018-01-12,2.2264,-0.4961
2018-01-15,2.1724,-2.4254
2018-01-16,2.1857,0.6122
2018-01-17,2.1683,-0.7961
2018-01-18,2.179,0.4935
2018-01-19,2.1946,0.7159
2018-01-22,2.2174,1.0389
2018-01-23,2.2393,0.9876
2018-01-24,2.2834,1.9694
2018-01-25,2.2511,-1.4146
2018-01-26,2.2541,0.1333
2018-01-29,2.2087,-2.0141
2018-01-30,2.1973,-0.5161
2018-01-31,2.1862,-0.5052
2018-02-01,2.1289,-2.621
2018-02-02,2.1696,1.9118
2018-02-05,2.1349,-1.5994
2018-02-06,2.0272,-5.0447
2018-02-07,1.9968,-1.4996
2018-02-08,1.9857,-0.5559
2018-02-09,1.9114,-3.7418
2018-02-12,1.976,3.3797
2018-02-13,2.0044,1.4372
2018-02-14,2.0196,0.7583
2018-02-22,2.0659,2.2925
2018-02-23,2.0548,-0.5373
2018-02-26,2.1072,2.5501
2018-02-27,2.1016,-0.2658
2018-02-28,2.1049,0.157
2018-03-01,2.1697,3.0785
2018-03-02,2.1414,-1.3043
2018-03-05,2.1797,1.7885
2018-03-06,2.1975,0.8166
2018-03-07,2.1829,-0.6644
2018-03-08,2.1927,0.4489
2018-03-09,2.2606,3.0966
2018-03-12,2.3016,1.8137
2018-03-13,2.2554,-2.0073
2018-03-14,2.1949,-2.6825
2018-03-15,2.2114,0.7517
2018-03-16,2.1785,-1.4877
2018-03-19,2.2232,2.0519
2018-03-20,2.2465,1.048
2018-03-21,2.1999,-2.0743
2018-03-22,2.1689,-1.4092
2018-03-23,2.0764,-4.2648
2018-03-26,2.1636,4.1996
2018-03-27,2.234,3.2538
2018-03-28,2.2189,-0.6759
2018-03-29,2.219,0.0045
2018-03-30,2.3098,4.0919
2018-04-02,2.3292,0.8399
2018-04-03,2.3154,-0.5925
2018-04-04,2.2554,-2.5913
2018-04-09,2.2727,0.767
2018-04-10,2.2566,-0.7084
2018-04-11,2.2758,0.8508
2018-04-12,2.2731,-0.1186
2018-04-13,2.2723,-0.0352
2018-04-16,2.3241,2.2796
2018-04-17,2.2492,-3.2228
2018-04-18,2.3071,2.5742
2018-04-19,2.2916,-0.6718
2018-04-20,2.2547,-1.6102
2018-04-23,2.1932,-2.7276
2018-04-24,2.2492,2.5533
2018-04-25,2.285,1.5917
2018-04-26,2.2466,-1.6805
2018-04-27,2.2714,1.1039
2018-05-02,2.2484,-1.0126
2018-05-03,2.2841,1.5878
2018-05-04,2.2847,0.0263
2018-05-07,2.3316,2.0528
2018-05-08,2.3243,-0.3131
2018-05-09,2.3123,-0.5163
2018-05-10,2.313,0.0303
2018-05-11,2.2553,-2.4946
2018-05-14,2.2346,-0.9178
2018-05-15,2.276,1.8527
2018-05-16,2.2622,-0.6063
2018-05-17,2.2288,-1.4764
2018-05-18,2.2371,0.3724
2018-05-21,2.2558,0.8359
2018-05-22,2.2818,1.1526
2018-05-23,2.265,-0.7363
2018-05-24,2.2553,-0.4283
2018-05-25,2.2432,-0.5365
2018-05-28,2.2332,-0.4458
2018-05-29,2.1805,-2.3598
2018-05-30,2.1548,-1.1786
2018-05-31,2.1768,1.021
2018-06-01,2.1222,-2.5083
2018-06-04,2.1095,-0.5984
2018-06-05,2.1778,3.2377
2018-06-06,2.1923,0.6658
2018-06-07,2.157,-1.6102
2018-06-08,2.1475,-0.4404
2018-06-11,2.1077,-1.8533
2018-06-12,2.1512,2.0639
2018-06-13,2.1213,-1.3899
2018-06-14,2.0991,-1.0465
2018-06-15,2.0626,-1.7388
2018-06-19,1.9737,-4.3101
2018-06-20,2.0033,1.4997
2018-06-21,1.9569,-2.3162
2018-06-22,1.981,1.2315
2018-06-25,1.9627,-0.9238
2018-06-26,1.9865,1.2126
2018-06-27,1.9592,-1.3743
2018-06-28,1.9473,-0.6074
2018-06-29,2.0234,3.908
2018-06-30,2.0233,0.0
2018-07-02,2.0085,-0.7364
2018-07-03,2.0071,-0.0697
2018-07-04,1.9655,-2.0726
2018-07-05,1.9357,-1.5162
2018-07-06,1.9264,-0.4804
2018-07-09,1.9767,2.6111
2018-07-10,1.9881,0.5767
2018-07-11,1.9392,-2.4596
2018-07-12,2.0065,3.4705
2018-07-13,2.0261,0.9768
2018-07-16,2.0209,-0.2567
2018-07-17,2.0253,0.2177
2018-07-18,2.0113,-0.6913
2018-07-19,1.9767,-1.7203
2018-07-20,2.016,1.9882
2018-07-23,2.0033,-0.63
2018-07-24,2.0264,1.1531
2018-07-25,2.0309,0.2221
2018-07-26,1.9908,-1.9745
2018-07-27,1.975,-0.7937
2018-07-30,1.9249,-2.5367
2018-07-31,1.9246,-0.0156
2018-08-01,1.9011,-1.221
2018-08-02,1.87,-1.6359
2018-08-03,1.8252,-2.3957
2018-08-06,1.7877,-2.0546
2018-08-07,1.8302,2.3774
2018-08-08,1.784,-2.5243
2018-08-09,1.8579,4.1424
2018-08-10,1.8754,0.9419
2018-08-13,1.9024,1.4397
2018-08-14,1.8856,-0.8831
2018-08-15,1.845,-2.1532
2018-08-16,1.8326,-0.6721
2018-08-17,1.7956,-2.019
2018-08-20,1.8135,0.9969
2018-08-21,1.8249,0.6286
2018-08-22,1.7995,-1.3919
2018-08-23,1.8353,1.9894
2018-08-24,1.8357,0.0218
2018-08-27,1.8933,3.1378
2018-08-28,1.9076,0.7553
2018-08-29,1.8965,-0.5819
2018-08-30,1.8607,-1.8877
2018-08-31,1.8522,-0.4568
2018-09-03,1.8615,0.5021
2018-09-04,1.8942,1.7566
2018-09-05,1.866,-1.4888
2018-09-06,1.8646,-0.075
2018-09-07,1.8321,-1.743
2018-09-10,1.7875,-2.4344
2018-09-11,1.7973,0.5483
2018-09-12,1.7812,-0.8958
2018-09-13,1.8006,1.0892
2018-09-14,1.7394,-3.3989
2018-09-17,1.7188,-1.1843
2018-09-18,1.7477,1.6814
2018-09-19,1.7667,1.0871
2018-09-20,1.7583,-0.4755
2018-09-21,1.7858,1.564
2018-09-25,1.7856,-0.0112
2018-09-26,1.7935,0.4424
2018-09-27,1.7842,-0.5185
2018-09-28,1.7812,-0.1681
2018-10-08,1.7097,-4.0141
2018-10-09,1.6986,-0.6492
2018-10-10,1.6879,-0.6299
2018-10-11,1.5992,-5.2551
2018-10-12,1.6251,1.6196
2018-10-15,1.6013,-1.4645
2018-10-16,1.5669,-2.1483
2018-10-17,1.5687,0.1149
2018-10-18,1.5184,-3.2065
2018-10-19,1.5652,3.0822
2018-10-22,1.639,4.7151
2018-10-23,1.5996,-2.4039
2018-10-24,1.5964,-0.2001
2018-10-25,1.5791,-1.0837
2018-10-26,1.5745,-0.2913
2018-10-29,1.5495,-1.5878
2018-10-30,1.5426,-0.4453
2018-10-31,1.581,2.4893
2018-11-01,1.5953,0.9045
2018-11-02,1.6614,4.1434
2018-11-05,1.662,0.0361
2018-11-06,1.6566,-0.3249
2018-11-07,1.6493,-0.4407
2018-11-08,1.6402,-0.5517
2018-11-09,1.6277,-0.7621
2018-11-12,1.6608,2.0335
2018-11-13,1.6705,0.5841
2018-11-14,1.6559,-0.874
2018-11-15,1.6873,1.8962
2018-11-16,1.6953,0.4741
2018-11-19,1.692,-0.1947
2018-11-20,1.6377,-3.2092
2018-11-21,1.6427,0.3053
2018-11-22,1.6424,-0.0183
2018-11-23,1.5922,-3.0565
2018-11-26,1.5904,-0.1131
2018-11-27,1.5978,0.4653
2018-11-28,1.6139,1.0076
2018-11-29,1.5857,-1.7473
2018-11-30,1.6103,1.5514
2018-12-03,1.6651,3.4031
2018-12-04,1.6697,0.2763
2018-12-05,1.6759,0.3713
2018-12-06,1.6337,-2.5181
2018-12-07,1.6161,-1.0773
2018-12-10,1.5992,-1.0457
2018-12-11,1.6084,0.5753
2018-12-12,1.6056,-0.1741
2018-12-13,1.6194,0.8595
2018-12-14,1.5801,-2.4268
2018-12-17,1.562,-1.1455
2018-12-18,1.5525,-0.6082
2018-12-19,1.5327,-1.2754
2018-12-20,1.5317,-0.0652
2018-12-21,1.5165,-0.9924
2018-12-24,1.5274,0.7188
2018-12-25,1.5299,0.1637
2018-12-26,1.5196,-0.6732
2018-12-27,1.5052,-0.9476
2018-12-28,1.5082,0.1993
2018-12-31,1.5081,0.0
2019-01-02,1.486,-1.472
2019-01-03,1.4686,-1.1709
2019-01-04,1.5043,2.4309
2019-01-07,1.5279,1.5688
2019-01-08,1.5216,-0.4123
2019-01-09,1.5281,0.4272
2019-01-10,1.5289,0.0524
2019-01-11,1.5387,0.641
2019-01-14,1.5171,-1.4038
2019-01-15,1.5591,2.7684
2019-01-16,1.5651,0.3848
2019-01-17,1.5509,-0.9073
2019-01-18,1.5851,2.2052
2019-01-21,1.5942,0.5741
2019-01-22,1.5682,-1.6309
2019-01-23,1.564,-0.2678
2019-01-24,1.5731,0.5818
2019-01-25,1.5777,0.2924
2019-01-28,1.5687,-0.5705
2019-01-29,1.559,-0.6183
2019-01-30,1.5507,-0.5324
2019-01-31,1.5639,0.8512
2019-02-01,1.6123,3.0948
2019-02-11,1.6467,2.1336
2019-02-12,1.6585,0.7166
2019-02-13,1.6938,2.1284
2019-02-14,1.6961,0.1358
2019-02-15,1.6687,-1.6155
2019-02-18,1.7319,3.7874
2019-02-19,1.7145,-1.0047
2019-02-20,1.7137,-0.0467
2019-02-21,1.7152,0.0875
2019-02-22,1.7722,3.3232
2019-02-25,1.8621,5.0728
2019-02-26,1.8421,-1.0741
2019-02-27,1.8233,-1.0206
2019-02-28,1.8369,0.7459
2019-03-01,1.8634,1.4426
2019-03-04,1.8915,1.508
2019-03-05,1.9117,1.0679
2019-03-06,1.9302,0.9677
2019-03-07,1.9016,-1.4817
2019-03-08,1.8538,-2.5137
2019-03-11,1.922,3.6789
2019-03-12,1.9484,1.3736
2019-03-13,1.9126,-1.8374
2019-03-14,1.9091,-0.183
2019-03-15,1.9521,2.2524
2019-03-18,2.0244,3.7037
2019-03-19,2.0086,-0.7805
2019-03-20,1.998,-0.5277
2019-03-21,1.997,-0.0501
2019-03-22,1.9895,-0.3756
2019-03-25,1.9537,-1.7994
2019-03-26,1.9246,-1.4895
2019-03-27,1.9624,1.964
2019-03-28,1.9473,-0.7695
2019-03-29,2.0145,3.4509
2019-04-01,2.0653,2.5217
2019-04-02,2.059,-0.305
2019-04-03,2.07,0.5342
2019-04-04,2.0838,0.6667
2019-04-08,2.0821,-0.0816
2019-04-09,2.1062,1.1575
2019-04-10,2.1287,1.0683
2019-04-11,2.0537,-3.5233
2019-04-12,2.0426,-0.5405
2019-04-15,2.0256,-0.8323
2019-04-16,2.0695,2.1673
2019-04-17,2.0674,-0.1015
2019-04-18,2.0625,-0.237
2019-04-19,2.0765,0.6788
2019-04-22,2.0445,-1.5411
2019-04-23,2.0415,-0.1467
2019-04-24,2.0447,0.1567
2019-04-25,1.9952,-2.4209
2019-04-26,1.9899,-0.2656
2019-04-29,2.0064,0.8292
2019-04-30,1.9971,-0.4635
2019-05-06,1.8771,-6.0087
2019-05-07,1.908,1.6462
2019-05-08,1.8988,-0.4822
2019-05-09,1.8587,-2.1119
2019-05-10,1.9362,4.1696
2019-05-13,1.9218,-0.7437
2019-05-14,1.9089,-0.6712
2019-05-15,1.9692,3.1589
2019-05-16,1.9736,0.2234
2019-05-17,1.931,-2.1585
2019-05-20,1.9078,-1.2015
2019-05-21,1.9366,1.5096
2019-05-22,1.9434,0.3511
2019-05-23,1.9023,-2.1149
2019-05-24,1.9008,-0.0789
2019-05-27,1.9257,1.31
2019-05-28,1.9329,0.3739
2019-05-29,1.9348,0.0983
2019-05-30,1.9246,-0.5272
2019-05-31,1.9236,-0.052
2019-06-03,1.9168,-0.3535
2019-06-04,1.8945,-1.1634
2019-06-05,1.8723,-1.1718
2019-06-06,1.8485,-1.2712
2019-06-10,1.873,1.3254
2019-06-11,1.9276,2.9151
2019-06-12,1.9133,-0.7419
2019-06-13,1.919,0.2979
2019-06-14,1.9021,-0.8807
2019-06-17,1.9031,0.0526
2019-06-18,1.9126,0.4992
2019-06-19,1.9405,1.4587
2019-06-20,1.9917,2.6385
2019-06-21,2.0003,0.4318
2019-06-24,2.0103,0.4999
2019-06-25,1.9929,-0.8655
2019-06-26,2.0077,0.7426
2019-06-27,2.0348,1.3498
2019-06-28,2.0302,-0.2261
2019-06-30,2.03,0.0
2019-07-01,2.0963,3.2558
2019-07-02,2.099,0.1288
2019-07-03,2.0615,-1.7866
2019-07-04,2.0365,-1.2127
2019-07-05,2.0636,1.3307
2019-07-08,2.0199,-2.1177
2019-07-09,2.0171,-0.1386
2019-07-10,2.0218,0.233
2019-07-11,2.0207,-0.0544
2019-07-12,2.0385,0.8809
2019-07-15,2.0519,0.6573
2019-07-16,2.0334,-0.9016
2019-07-17,2.0296,-0.1869
2019-07-18,2.0098,-0.9756
2019-07-19,2.0255,0.7812
2019-07-22,2.0243,-0.0592
2019-07-23,2.0348,0.5187
2019-07-24,2.0598,1.2286
2019-07-25,2.0661,0.3059
2019-07-26,2.0773,0.5421
2019-07-29,2.0793,0.0963
2019-07-30,2.0912,0.5723
2019-07-31,2.0864,-0.2295
2019-08-01,2.0694,-0.8148
2019-08-02,2.0379,-1.5222
2019-08-05,1.9967,-2.0217
2019-08-06,1.9828,-0.6961
2019-08-07,1.9696,-0.6657
2019-08-08,1.9955,1.315
2019-08-09,1.9762,-0.9672
2019-08-12,2.0229,2.3631
2019-08-13,2.0059,-0.8404
2019-08-14,2.0261,1.007
2019-08-15,2.0471,1.0365
2019-08-16,2.06,0.6302
2019-08-19,2.1234,3.0777
2019-08-20,2.1223,-0.0518
2019-08-21,2.1213,-0.0471
2019-08-22,2.122,0.033
2019-08-23,2.1505,1.3431
2019-08-26,2.1366,-0.6464
2019-08-27,2.1646,1.3105
2019-08-28,2.1507,-0.6422
2019-08-29,2.1515,0.0372
2019-08-30,2.1516,0.0046
2019-09-02,2.1957,2.0496
2019-09-03,2.2083,0.5738
2019-09-04,2.2135,0.2355
2019-09-05,2.2312,0.7996
2019-09-06,2.2506,0.8695
2019-09-09,2.2912,1.804
2019-09-10,2.2747,-0.7201
2019-09-11,2.2392,-1.5606
2019-09-12,2.2519,0.5672
2019-09-16,2.2435,-0.373
2019-09-17,2.1979,-2.0325
2019-09-18,2.2163,0.8372
2019-09-19,2.2448,1.2859
2019-09-20,2.2594,0.6504
2019-09-23,2.2299,-1.3057
2019-09-24,2.2417,0.5292
2019-09-25,2.2095,-1.4364
2019-09-26,2.1636,-2.0774
2019-09-27,2.1745,0.5038
2019-09-30,2.1433,-1.4348
2019-10-08,2.1426,-0.0327
2019-10-09,2.1458,0.1494
2019-10-10,2.1687,1.0672
2019-10-11,2.1773,0.3966
2019-10-14,2.1997,1.0288
2019-10-15,2.1869,-0.5819
2019-10-16,2.1812,-0.2606
2019-10-17,2.1835,0.1054
2019-10-18,2.1536,-1.3694
2019-10-21,2.1626,0.4179
2019-10-22,2.1811,0.8555
2019-10-23,2.1594,-0.9949
2019-10-24,2.1482,-0.5187
2019-10-25,2.1647,0.7681
2019-10-28,2.1927,1.2935
2019-10-29,2.1791,-0.6202
2019-10-30,2.1697,-0.4314
2019-10-31,2.1683,-0.0645
2019-11-01,2.1948,1.2222
2019-11-04,2.225,1.376
2019-11-05,2.2324,0.3326
2019-11-06,2.2236,-0.3942
2019-11-07,2.2362,0.5666
2019-11-08,2.2369,0.0313
2019-11-11,2.2128,-1.0774
2019-11-12,2.2087,-0.1853
2019-11-13,2.2137,0.2264
2019-11-14,2.2319,0.8222
2019-11-15,2.2279,-0.1792
2019-11-18,2.2509,1.0324
2019-11-19,2.2738,1.0174
2019-11-20,2.2509,-1.0071
2019-11-21,2.239,-0.5287
2019-11-22,2.1853,-2.3984
2019-11-25,2.1638,-0.9838
2019-11-26,2.1598,-0.1849
2019-11-27,2.1597,-0.0046
2019-11-28,2.1708,0.514
2019-11-29,2.156,-0.6818
2019-12-02,2.158,0.0928
2019-12-03,2.1585,0.0232
2019-12-04,2.1489,-0.4448
2019-12-05,2.1755,1.2378
2019-12-06,2.186,0.4826
2019-12-09,2.1814,-0.2104
2019-12-10,2.2026,0.9719
2019-12-11,2.1968,-0.2633
2019-12-12,2.1874,-0.4279
2019-12-13,2.2352,2.1852
2019-12-16,2.2535,0.8187
2019-12-17,2.2791,1.136
2019-12-18,2.2815,0.1053
2019-12-19,2.2684,-0.5742
2019-12-20,2.245,-1.0316
2019-12-23,2.2059,-1.7416
2019-12-24,2.229,1.0472
2019-12-25,2.2407,0.5249
2019-12-26,2.2476,0.3079
2019-12-27,2.2445,-0.1379
2019-12-30,2.2792,1.546
2019-12-31,2.2892,0.4388
2020-01-02,2.3297,1.7692
2020-01-03,2.3308,0.0472
2020-01-06,2.3331,0.0987
2020-01-07,2.3384,0.2272
2020-01-08,2.3071,-1.3385
2020-01-09,2.3407,1.4564
2020-01-10,2.3477,0.2991
2020-01-13,2.3753,1.1756
2020-01-14,2.3606,-0.6189
2020-01-15,2.3622,0.0678
2020-01-16,2.3537,-0.3598
2020-01-17,2.3491,-0.1954
2020-01-20,2.3859,1.5666
2020-01-21,2.3539,-1.3412
2020-01-22,2.3887,1.4784
2020-01-23,2.3093,-3.324
2020-02-03,2.1434,-7.184
2020-02-04,2.2489,4.9221
2020-02-05,2.3,2.2722
2020-02-06,2.3587,2.5522
2020-02-07,2.3728,0.5978
2020-02-10,2.3938,0.885
2020-02-11,2.3889,-0.2047
2020-02-12,2.4504,2.5744
2020-02-13,2.4269,-0.959
2020-02-14,2.425,-0.0783
2020-02-17,2.4998,3.0845
2020-02-18,2.5099,0.404
2020-02-19,2.4985,-0.4542
2020-02-20,2.5362,1.5089
2020-02-21,2.5708,1.3642
2020-02-24,2.6125,1.6221
2020-02-25,2.6231,0.4057
2020-02-26,2.523,-3.8161
2020-02-27,2.5694,1.8391
2020-02-28,2.4434,-4.9039
2020-03-02,2.5351,3.753
2020-03-03,2.5465,0.4497
2020-03-04,2.5231,-0.9189
2020-03-05,2.5458,0.8997
2020-03-06,2.5169,-1.1352
2020-03-09,2.4253,-3.6394
2020-03-10,2.4845,2.4409
2020-03-11,2.4346,-2.0085
2020-03-12,2.3925,-1.7292
2020-03-13,2.3876,-0.2048
2020-03-16,2.2677,-5.0218
2020-03-17,2.2608,-0.3043
2020-03-18,2.2165,-1.9595
2020-03-19,2.2281,0.5233
2020-03-20,2.2515,1.0502
2020-03-23,2.1786,-3.2378
2020-03-24,2.2335,2.52
2020-03-25,2.291,2.5744
2020-03-26,2.2797,-0.4932
2020-03-27,2.2914,0.5132
2020-03-30,2.2685,-0.9994
2020-03-31,2.2836,0.6656
2020-04-01,2.255,-1.2524
2020-04-02,2.3018,2.0754
2020-04-03,2.3031,0.0565
2020-04-07,2.3673,2.7875
2020-04-08,2.3696,0.0972
2020-04-09,2.4028,1.4011
2020-04-10,2.3745,-1.1778
2020-04-13,2.3742,-0.0126
2020-04-14,2.4243,2.1102
2020-04-15,2.4033,-0.8662
2020-04-16,2.4179,0.6075
2020-04-17,2.4105,-0.3061
2020-04-20,2.4375,1.1201
2020-04-21,2.4183,-0.7877
2020-04-22,2.4428,1.0131
2020-04-23,2.4364,-0.262
2020-04-24,2.3952,-1.691
2020-04-27,2.4024,0.3006
2020-04-28,2.4142,0.4912
2020-04-29,2.3936,-0.8533
2020-04-30,2.3818,-0.493
2020-05-06,2.4365,2.2966
2020-05-07,2.4357,-0.0328
2020-05-08,2.447,0.4639
2020-05-11,2.4386,-0.3433
2020-05-12,2.4571,0.7586
2020-05-13,2.487,1.2169
2020-05-14,2.4525,-1.3872
2020-05-15,2.4393,-0.5382
2020-05-18,2.4701,1.2627
2020-05-19,2.4955,1.0283
2020-05-20,2.449,-1.8634
2020-05-21,2.447,-0.0817
2020-05-22,2.3877,-2.4234
2020-05-25,2.4091,0.8963
2020-05-26,2.4436,1.4321
2020-05-27,2.3922,-2.1035
2020-05-28,2.3735,-0.7817
2020-05-29,2.4158,1.7822
2020-06-01,2.4831,2.7858
2020-06-02,2.4636,-0.7853
2020-06-03,2.4708,0.2923
2020-06-04,2.4911,0.8216
2020-06-05,2.5116,0.8229
2020-06-08,2.5042,-0.2946
2020-06-09,2.5341,1.194
2020-06-10,2.5692,1.3851
2020-06-11,2.5476,-0.8407
2020-06-12,2.5627,0.5927
2020-06-15,2.5744,0.4565
2020-06-16,2.6177,1.6819
2020-06-17,2.6449,1.0391
2020-06-18,2.6256,-0.7297
2020-06-19,2.6786,2.0186
2020-06-22,2.6751,-0.1307
2020-06-23,2.734,2.2018
2020-06-24,2.7248,-0.3365
2020-06-29,2.7372,0.4551
2020-06-30,2.7963,2.1591
2020-07-01,2.795,-0.0465
2020-07-02,2.8078,0.458
2020-07-03,2.8322,0.869
2020-07-06,2.8882,1.9773
2020-07-07,2.931,1.4819
2020-07-08,2.9671,1.2317
2020-07-09,3.0389,2.4199
2020-07-10,3.0258,-0.4311
2020-07-13,3.148,4.0386
2020-07-14,3.1017,-1.4708
2020-07-15,3.0624,-1.267
2020-07-16,2.9098,-4.983
2020-07-17,2.902,-0.2681
2020-07-20,2.9691,2.3122
2020-07-21,3.0073,1.2866
2020-07-22,3.0601,1.7557
2020-07-23,3.0818,0.7091
2020-07-24,2.914,-5.4449
2020-07-27,2.9321,0.6211
2020-07-28,2.9683,1.2346
2020-07-29,3.0629,3.187
2020-07-30,3.0364,-0.8652
2020-07-31,3.0713,1.1494
2020-08-03,3.1661,3.0866
2020-08-04,3.1692,0.0979
2020-08-05,3.2002,0.9782
2020-08-06,3.1765,-0.7406
2020-08-07,3.1432,-1.0483
2020-08-10,3.1305,-0.404
2020-08-11,3.0472,-2.6609
2020-08-12,2.98,-2.2053
2020-08-13,2.9744,-0.1879
2020-08-14,3.0122,1.2708
2020-08-17,3.0502,1.2615
2020-08-18,3.0761,0.8491
2020-08-19,3.0012,-2.4349
2020-08-20,2.9623,-1.2961
2020-08-21,2.9753,0.4388
2020-08-24,2.9955,0.68
2020-08-25,2.9884,-0.24
2020-08-26,2.9581,-1.01
2020-08-27,2.9882,1.02
2020-08-28,3.0439,1.86
2020-08-31,3.0322,-0.38
2020-09-01,3.0462,0.46
2020-09-02,3.0346,-0.38
2020-09-03,3.0338,-0.03
2020-09-04,2.9863,-1.57
2020-09-07,2.8951,-3.05
2020-09-08,2.8731,-0.76
2020-09-09,2.7916,-2.84
2020-09-10,2.7498,-1.5
2020-09-11,2.7962,1.69
2020-09-14,2.7946,-0.06
2020-09-15,2.8142,0.7
2020-09-16,2.787,-0.97
2020-09-17,2.7795,-0.27
2020-09-18,2.8342,1.97
2020-09-21,2.8215,-0.45
2020-09-22,2.8051,-0.58
2020-09-23,2.8157,0.38
2020-09-24,2.7615,-1.92
2020-09-25,2.7524,-0.33
2020-09-28,2.7487,-0.13
2020-09-29,2.7711,0.81
2020-09-30,2.7674,-0.13
2020-10-09,2.8433,2.74
2020-10-12,2.9232,2.81
2020-10-13,2.9342,0.38
2020-10-14,2.8936,-1.38
2020-10-15,2.8846,-0.31
2020-10-16,2.8787,-0.2
2020-10-19,2.8507,-0.97
2020-10-20,2.878,0.96
2020-10-21,2.8636,-0.5
2020-10-22,2.8495,-0.49
2020-10-23,2.7863,-2.22
2020-10-26,2.8073,0.75
2020-10-27,2.8367,1.05
2020-10-28,2.8668,1.06
2020-10-29,2.8623,-0.16
2020-10-30,2.7897,-2.54
2020-11-02,2.785,-0.17
2020-11-03,2.8095,0.88
2020-11-04,2.8138,0.15
2020-11-05,2.8436,1.06
2020-11-06,2.8274,-0.57
2020-11-09,2.8964,2.44
2020-11-10,2.8726,-0.82
2020-11-11,2.821,-1.8
2020-11-12,2.8346,0.48
2020-11-13,2.8233,-0.4
2020-11-16,2.8517,1.01
2020-11-17,2.8167,-1.23
2020-11-18,2.8082,-0.3
2020-11-19,2.8239,0.56
2020-11-20,2.8493,0.9
2020-11-23,2.8972,1.68
2020-11-24,2.8933,-0.13
2020-11-25,2.8362,-1.97
2020-11-26,2.8143,-0.77
2020-11-27,2.8439,1.05
2020-11-30,2.8338,-0.36
2020-12-01,2.8771,1.53
2020-12-02,2.8891,0.42
2020-12-03,2.8699,-0.66
2020-12-04,2.8892,0.67
2020-12-07,2.8752,-0.48
2020-12-08,2.865,-0.35
2020-12-09,2.801,-2.23
2020-12-10,2.8313,1.08
2020-12-11,2.8129,-0.65
2020-12-14,2.8355,0.8
2020-12-15,2.8245,-0.39
2020-12-16,2.8306,0.22
2020-12-17,2.8535,0.81
2020-12-18,2.8449,-0.3
2020-12-21,2.9152,2.47
2020-12-22,2.8734,-1.43
2020-12-23,2.9327,2.06
2020-12-24,2.9085,-0.83
2020-12-25,2.9611,1.81
2020-12-28,2.9627,0.05
2020-12-29,2.932,-1.04
2020-12-30,2.9778,1.56
2020-12-31,3.0251,1.59
2021-01-04,3.1044,2.62
2021-01-05,3.1758,2.3
2021-01-06,3.1457,-0.95
2021-01-07,3.2246,2.51
2021-01-08,3.2063,-0.57
2021-01-11,3.166,-1.26
2021-01-12,3.2783,3.55
2021-01-13,3.2639,-0.44
2021-01-14,3.184,-2.45
2021-01-15,3.1898,0.18
2021-01-18,3.2543,2.02
2021-01-19,3.1911,-1.94
2021-01-20,3.2433,1.64
2021-01-21,3.3093,2.03
2021-01-22,3.3464,1.12
2021-01-25,3.3412,-0.16
2021-01-26,3.2479,-2.79
2021-01-27,3.269,0.65
2021-01-28,3.1402,-3.94
2021-01-29,3.1397,-0.02
2021-02-01,3.2047,2.07
2021-02-02,3.2684,1.99
2021-02-03,3.2465,-0.67
2021-02-04,3.2342,-0.38
2021-02-05,3.1702,-1.98
2021-02-08,3.2616,2.88
2021-02-09,3.3314,2.14
2021-02-10,3.3765,1.35
2021-02-18,3.3994,0.68
2021-02-19,3.4052,0.17
2021-02-22,3.3394,-1.93
2021-02-23,3.3362,-0.1
2021-02-24,3.2481,-2.64
2021-02-25,3.222,-0.8
2021-02-26,3.1724,-1.54
2021-03-01,3.2858,3.57
2021-03-02,3.2459,-1.21
2021-03-03,3.2835,1.16
2021-03-04,3.1748,-3.31
2021-03-05,3.1923,0.55
2021-03-08,3.1046,-2.75
2021-03-09,3.0238,-2.6
2021-03-10,3.029,0.17
2021-03-11,3.0888,1.97
2021-03-12,3.0646,-0.78
2021-03-15,2.9846,-2.61
2021-03-16,2.9729,-0.39
2021-03-17,3.0187,1.54
2021-03-18,3.0466,0.92
2021-03-19,3.016,-1.0
2021-03-22,3.0716,1.84
2021-03-23,3.0508,-0.68
2021-03-24,2.9933,-1.88
2021-03-25,3.008,0.49
2021-03-26,3.0699,2.06
2021-03-29,3.0777,0.25
2021-03-30,3.0744,-0.11
2021-03-31,3.0326,-1.36
2021-04-01,3.1019,2.29
2021-04-02,3.1526,1.63
2021-04-06,3.1532,0.02
2021-04-07,3.136,-0.55
2021-04-08,3.1315,-0.14
2021-04-09,3.0958,-1.14
2021-04-12,3.0112,-2.73
2021-04-13,2.9954,-0.52
2021-04-14,3.0281,1.09
2021-04-15,3.0358,0.25
2021-04-16,3.0275,-0.27
2021-04-19,3.0759,1.6
2021-04-20,3.0462,-0.97
2021-04-21,3.0584,0.4
2021-04-22,3.0794,0.69
2021-04-23,3.0916,0.4
2021-04-26,3.0747,-0.55
2021-04-27,3.0669,-0.25
2021-04-28,3.0809,0.46
2021-04-29,3.1177,1.19
2021-04-30,3.1282,0.34
2021-05-06,3.1122,-0.51
2021-05-07,3.03,-2.64
2021-05-10,3.0438,0.46
2021-05-11,3.0636,0.65
2021-05-12,3.0701,0.21
2021-05-13,3.0588,-0.37
2021-05-14,3.0973,1.26
2021-05-17,3.1404,1.39
2021-05-18,3.131,-0.3
2021-05-19,3.1429,0.38
2021-05-20,3.1027,-1.28
2021-05-21,3.0705,-1.04
2021-05-24,3.1151,1.45
2021-05-25,3.1684,1.71
2021-05-26,3.1543,-0.45
2021-05-27,3.2059,1.64
2021-05-28,3.1876,-0.57
2021-05-31,3.2154,0.87
2021-06-01,3.24,0.77
2021-06-02,3.2018,-1.18
2021-06-03,3.19,-0.37
2021-06-04,3.2422,1.64
2021-06-07,3.3005,1.8
2021-06-08,3.2568,-1.32
2021-06-09,3.2627,0.18
2021-06-10,3.2919,0.89
2021-06-11,3.2576,-1.04
2021-06-15,3.2459,-0.36
2021-06-16,3.1859,-1.85
2021-06-17,3.2889,3.23
2021-06-18,3.3617,2.21
2021-06-21,3.368,0.19
2021-06-22,3.3828,0.44
2021-06-23,3.4634,2.38
2021-06-24,3.4247,-1.12
2021-06-25,3.4585,0.99
2021-06-28,3.463,0.13
2021-06-29,3.4324,-0.88
2021-06-30,3.488,1.62
2021-07-01,3.4527,-1.01
2021-07-02,3.4173,-1.03
2021-07-05,3.4876,2.06
2021-07-06,3.4557,-0.91
2021-07-07,3.492,1.05
2021-07-08,3.5302,1.09
2021-07-09,3.5116,-0.53
2021-07-12,3.5517,1.14
2021-07-13,3.5291,-0.64
2021-07-14,3.4822,-1.33
2021-07-15,3.5041,0.63
2021-07-16,3.4816,-0.64
2021-07-19,3.4809,-0.02
2021-07-20,3.5321,1.47
2021-07-21,3.5916,1.68
2021-07-22,3.6137,0.62
2021-07-23,3.6264,0.35
2021-07-26,3.5519,-2.05
2021-07-27,3.4509,-2.84
2021-07-28,3.4279,-0.67
2021-07-29,3.5793,4.42
2021-07-30,3.5952,0.44
2021-08-02,3.625,0.83
2021-08-03,3.5642,-1.68
2021-08-04,3.6691,2.94
2021-08-05,3.6751,0.16
2021-08-06,3.6455,-0.81
2021-08-09,3.6353,-0.28
2021-08-10,3.6369,0.04
2021-08-11,3.6695,0.9
2021-08-12,3.636,-0.91
2021-08-13,3.6281,-0.22
2021-08-16,3.621,-0.2
2021-08-17,3.4883,-3.66
2021-08-18,3.5074,0.55
2021-08-19,3.4821,-0.72
2021-08-20,3.4817,-0.01
2021-08-23,3.5454,1.83
2021-08-24,3.5674,0.62
2021-08-25,3.5707,0.09
2021-08-26,3.6013,0.86
2021-08-27,3.6487,1.32
2021-08-30,3.6437,-0.14
2021-08-31,3.625,-0.51
2021-09-01,3.6008,-0.67
2021-09-02,3.6127,0.33
2021-09-03,3.6003,-0.34
2021-09-06,3.6729,2.02
2021-09-07,3.7014,0.78
2021-09-08,3.6674,-0.92
2021-09-09,3.6611,-0.17
2021-09-10,3.6733,0.33
2021-09-13,3.6722,-0.03
2021-09-14,3.6275,-1.22
2021-09-15,3.6516,0.66
2021-09-16,3.5927,-1.61
2021-09-17,3.5777,-0.42
2021-09-22,3.6383,1.69
2021-09-23,3.6419,0.1
2021-09-24,3.5607,-2.23
2021-09-27,3.4934,-1.89
2021-09-28,3.521,0.79
2021-09-29,3.4216,-2.82
2021-09-30,3.4974,2.22
2021-10-08,3.5036,0.18
2021-10-11,3.4861,-0.5
2021-10-12,3.4009,-2.44
2021-10-13,3.4148,0.41
2021-10-14,3.4287,0.41
2021-10-15,3.4516,0.67
2021-10-18,3.4585,0.2
2021-10-19,3.4652,0.19
2021-10-20,3.4503,-0.43
2021-10-21,3.4435,-0.2
2021-10-22,3.434,-0.28
2021-10-25,3.4638,0.87
2021-10-26,3.469,0.15
2021-10-27,3.4296,-1.14
2021-10-28,3.3939,-1.04
2021-10-29,3.4317,1.11
2021-11-01,3.4461,0.42
2021-11-02,3.4326,-0.39
2021-11-03,3.4474,0.43
2021-11-04,3.4961,1.41
2021-11-05,3.4708,-0.72
2021-11-08,3.4634,-0.21
2021-11-09,3.5249,1.78
2021-11-10,3.5008,-0.68
2021-11-11,3.5262,0.73
2021-11-12,3.5552,0.82
2021-11-15,3.5293,-0.73
2021-11-16,3.4905,-1.1
2021-11-17,3.5397,1.41
2021-11-18,3.5769,1.05
2021-11-19,3.6124,0.99
2021-11-22,3.6569,1.23
2021-11-23,3.6659,0.25
2021-11-24,3.646,-0.54
2021-11-25,3.632,-0.38
2021-11-26,3.5962,-0.99
2021-11-29,3.6096,0.37
2021-11-30,3.6067,-0.08
2021-12-01,3.6186,0.33
2021-12-02,3.5932,-0.7
2021-12-03,3.6274,0.95
2021-12-06,3.583,-1.22
2021-12-07,3.5223,-1.69
2021-12-08,3.5852,1.79
2021-12-09,3.5949,0.27
2021-12-10,3.579,-0.44
2021-12-13,3.6108,0.89
2021-12-14,3.6146,0.11
2021-12-15,3.6034,-0.31
2021-12-16,3.6217,0.51
2021-12-17,3.5686,-1.47
2021-12-20,3.5251,-1.22
2021-12-21,3.5473,0.63
2021-12-22,3.5618,0.41
2021-12-23,3.603,1.16
2021-12-24,3.593,-0.28
2021-12-27,3.5752,-0.5
2021-12-28,3.5868,0.32
2021-12-29,3.5609,-0.72
2021-12-30,3.5955,0.97
2021-12-31,3.6326,1.03
2022-01-04,3.6602,0.76
2022-01-05,3.5938,-1.81
2022-01-06,3.6003,0.18
2022-01-07,3.5488,-1.43
2022-01-10,3.5779,0.82
2022-01-11,3.5628,-0.42
2022-01-12,3.5727,0.28
2022-01-13,3.5085,-1.8
2022-01-14,3.5021,-0.18
2022-01-17,3.5355,0.95
2022-01-18,3.5321,-0.1
2022-01-19,3.5356,0.1
2022-01-20,3.5022,-0.94
2022-01-21,3.4465,-1.59
2022-01-24,3.4431,-0.1
2022-01-25,3.3414,-2.95
2022-01-26,3.3542,0.38
2022-01-27,3.2976,-1.69
2022-01-28,3.2758,-0.66
2022-02-07,3.3351,1.81
2022-02-08,3.3732,1.14
2022-02-09,3.4295,1.67
2022-02-10,3.4354,0.17
2022-02-11,3.4153,-0.59
2022-02-14,3.3649,-1.48
2022-02-15,3.3614,-0.1
2022-02-16,3.3765,0.45
2022-02-17,3.3683,-0.24
2022-02-18,3.4011,0.97
2022-02-21,3.4143,0.39
2022-02-22,3.3894,-0.73
2022-02-23,3.4131,0.7
2022-02-24,3.3576,-1.63
2022-02-25,3.3492,-0.25
2022-02-28,3.3406,-0.26
2022-03-01,3.3494,0.26
2022-03-02,3.3588,0.28
2022-03-03,3.3771,0.54
2022-03-04,3.3512,-0.77
2022-03-07,3.3069,-1.32
2022-03-08,3.1968,-3.33
2022-03-09,3.1595,-1.17
2022-03-10,3.2057,1.46
2022-03-11,3.2713,2.05
2022-03-14,3.2375,-1.03
2022-03-15,3.0894,-4.57
2022-03-16,3.1531,2.06
2022-03-17,3.2439,2.88
2022-03-18,3.2902,1.43
2022-03-21,3.3318,1.26
2022-03-22,3.3109,-0.63
2022-03-23,3.3141,0.1
2022-03-24,3.3383,0.73
2022-03-25,3.2889,-1.48
2022-03-28,3.3148,0.79
2022-03-29,3.3447,0.9
2022-03-30,3.3656,0.62
2022-03-31,3.3943,0.85
2022-04-01,3.3774,-0.5
2022-04-06,3.4024,0.74
2022-04-07,3.4029,0.01
2022-04-08,3.4039,0.03
2022-04-11,3.377,-0.79
2022-04-12,3.3804,0.1
2022-04-13,3.3312,-1.46
2022-04-14,3.3728,1.25
2022-04-15,3.3019,-2.1
2022-04-18,3.2641,-1.14
2022-04-19,3.2668,0.08
2022-04-20,3.1987,-2.08
2022-04-21,3.1369,-1.93
2022-04-22,3.1276,-0.3
2022-04-25,3.0136,-3.64
2022-04-26,2.9876,-0.86
2022-04-27,3.0747,2.92
2022-04-28,3.113,1.25
2022-04-29,3.1617,1.56
2022-05-05,3.1777,0.51
2022-05-06,3.139,-1.22
2022-05-09,3.1517,0.4
2022-05-10,3.1499,-0.06
2022-05-11,3.1648,0.47
2022-05-12,3.1524,-0.39
2022-05-13,3.1844,1.02
2022-05-16,3.1557,-0.9
2022-05-17,3.1412,-0.46
2022-05-18,3.1356,-0.18
2022-05-19,3.1275,-0.26
2022-05-20,3.1844,1.82
2022-05-23,3.2014,0.53
2022-05-24,3.1149,-2.7
2022-05-25,3.1576,1.37
2022-05-26,3.177,0.61
2022-05-27,3.1799,0.09
2022-05-30,3.188,0.25
2022-05-31,3.2048,0.53
2022-06-01,3.2017,-0.1
2022-06-02,3.1846,-0.53
2022-06-06,3.2135,0.91
2022-06-07,3.2206,0.22
2022-06-08,3.2496,0.9
2022-06-09,3.2124,-1.14
2022-06-10,3.2585,1.44
2022-06-13,3.2591,0.02
2022-06-14,3.2796,0.63
2022-06-15,3.2634,-0.49
2022-06-16,3.2293,-1.04
2022-06-17,3.2601,0.95
2022-06-20,3.2204,-1.22
2022-06-21,3.2325,0.38
2022-06-22,3.1693,-1.96
2022-06-23,3.2221,1.67
2022-06-24,3.2434,0.66
2022-06-27,3.3348,2.82
2022-06-28,3.4017,2.01
2022-06-29,3.3446,-1.68
2022-06-30,3.3726,0.84
2022-07-01,3.3713,-0.04
2022-07-04,3.3944,0.69
2022-07-05,3.4057,0.33
2022-07-06,3.3097,-2.82
2022-07-07,3.3269,0.52
2022-07-08,3.2951,-0.96
2022-07-11,3.236,-1.79
2022-07-12,3.2106,-0.78
2022-07-13,3.1973,-0.41
2022-07-14,3.2221,0.78
2022-07-15,3.2042,-0.56
2022-07-18,3.2462,1.31
2022-07-19,3.2538,0.23
2022-07-20,3.2813,0.85
2022-07-21,3.2341,-1.44
2022-07-22,3.213,-0.65
2022-07-25,3.1959,-0.53
2022-07-26,3.2395,1.36
2022-07-27,3.2451,0.17
2022-07-28,3.2708,0.79
2022-07-29,3.2294,-1.27
2022-08-01,3.2966,2.08
2022-08-02,3.2558,-1.24
2022-08-03,3.2473,-0.26
2022-08-04,3.2524,0.16
2022-08-05,3.2802,0.85
2022-08-08,3.3514,2.17
2022-08-09,3.381,0.88
2022-08-10,3.349,-0.95
2022-08-11,3.3771,0.84
2022-08-12,3.403,0.77
2022-08-15,3.4352,0.95
2022-08-16,3.4228,-0.36
2022-08-17,3.4261,0.1
2022-08-18,3.416,-0.29
2022-08-19,3.4004,-0.46
2022-08-22,3.4262,0.76
2022-08-23,3.4695,1.26
2022-08-24,3.4129,-1.63
2022-08-25,3.5026,2.63
2022-08-26,3.4302,-2.07
2022-08-29,3.4566,0.77
2022-08-30,3.3613,-2.76
2022-08-31,3.2874,-2.2
2022-09-01,3.3148,0.83
2022-09-02,3.3293,0.44
2022-09-05,3.4011,2.16
2022-09-06,3.4481,1.38
2022-09-07,3.4625,0.42
2022-09-08,3.4274,-1.01
2022-09-09,3.4383,0.32
2022-09-13,3.4315,-0.2
2022-09-14,3.4124,-0.56
2022-09-15,3.3623,-1.47
2022-09-16,3.2717,-2.69
2022-09-19,3.2774,0.17
2022-09-20,3.3091,0.97
2022-09-21,3.3201,0.33
2022-09-22,3.3593,1.18
2022-09-23,3.312,-1.41
2022-09-26,3.2435,-2.07
2022-09-27,3.2691,0.79
2022-09-28,3.2285,-1.24
2022-09-29,3.275,1.44
2022-09-30,3.2569,-0.55
2022-10-10,3.2382,-0.57
2022-10-11,3.2294,-0.27
2022-10-12,3.2616,1.0
2022-10-13,3.2102,-1.58
2022-10-14,3.3041,2.93
2022-10-17,3.3122,0.25
2022-10-18,3.336,0.72
2022-10-19,3.2938,-1.26
2022-10-20,3.2681,-0.78
2022-10-21,3.2793,0.34
2022-10-24,3.2076,-2.19
2022-10-25,3.1644,-1.35
2022-10-26,3.1897,0.8
2022-10-27,3.1665,-0.73
2022-10-28,3.1251,-1.31
2022-10-31,3.0607,-2.06
2022-11-01,3.1018,1.34
2022-11-02,3.141,1.26
2022-11-03,3.1292,-0.38
2022-11-04,3.2043,2.4
2022-11-07,3.2224,0.56
2022-11-08,3.1913,-0.97
2022-11-09,3.1665,-0.78
2022-11-10,3.1294,-1.17
2022-11-11,3.1708,1.32
2022-11-14,3.1393,-0.99
2022-11-15,3.1758,1.16
2022-11-16,3.1803,0.14
2022-11-17,3.1336,-1.47
2022-11-18,3.134,0.01
2022-11-21,3.1186,-0.49
2022-11-22,3.1045,-0.45
2022-11-23,3.1072,0.09
2022-11-24,3.1173,0.33
2022-11-25,3.119,0.05
2022-11-28,3.0818,-1.19
2022-11-29,3.1496,2.2
2022-11-30,3.1663,0.53
2022-12-01,3.1758,0.3
2022-12-02,3.1561,-0.62
2022-12-05,3.1821,0.82
2022-12-06,3.1891,0.22
2022-12-07,3.1552,-1.06
2022-12-08,3.1552,0.0
2022-12-09,3.1952,1.27
2022-12-12,3.1504,-1.4
2022-12-13,3.148,-0.08
2022-12-14,3.1753,0.87
2022-12-15,3.1454,-0.94
2022-12-16,3.1616,0.52
2022-12-19,3.099,-1.98
2022-12-20,3.0524,-1.5
2022-12-21,3.0503,-0.07
2022-12-22,3.034,-0.53
2022-12-23,3.0418,0.26
2022-12-26,3.0523,0.35
2022-12-27,3.0873,1.15
2022-12-28,3.0814,-0.19
2022-12-29,3.0537,-0.9
2022-12-30,3.0617,0.26
2022-12-31,3.0615,-0.01
2023-01-03,3.091,0.96
2023-01-04,3.0754,-0.5
2023-01-05,3.1185,1.4
2023-01-06,3.1308,0.39
2023-01-09,3.1735,1.36
2023-01-10,3.1678,-0.18
2023-01-11,3.2068,1.23
2023-01-12,3.21,0.1
2023-01-13,3.2462,1.13
2023-01-16,3.2786,1.0
2023-01-17,3.273,-0.17
2023-01-18,3.2761,0.09
2023-01-19,3.3061,0.92
2023-01-20,3.3278,0.66
2023-01-30,3.3127,-0.45
2023-01-31,3.2749,-1.14
2023-02-01,3.282,0.22
2023-02-02,3.2897,0.23
2023-02-03,3.2655,-0.74
2023-02-06,3.2492,-0.5
2023-02-07,3.2618,0.39
2023-02-08,3.2505,-0.35
2023-02-09,3.2904,1.23
2023-02-10,3.2601,-0.92
2023-02-13,3.2919,0.98
2023-02-14,3.2916,-0.01
2023-02-15,3.2653,-0.8
2023-02-16,3.221,-1.36
2023-02-17,3.2226,0.05
2023-02-20,3.2948,2.24
2023-02-21,3.329,1.04
2023-02-22,3.3174,-0.35
2023-02-23,3.3169,-0.02
2023-02-24,3.3091,-0.24
2023-02-27,3.312,0.09
2023-02-28,3.3298,0.54
2023-03-01,3.3462,0.49
2023-03-02,3.3318,-0.43
2023-03-03,3.3348,0.09
2023-03-06,3.3084,-0.79
2023-03-07,3.2768,-0.96
2023-03-08,3.269,-0.24
2023-03-09,3.2639,-0.16
2023-03-10,3.2207,-1.32
2023-03-13,3.2687,1.49
2023-03-14,3.2309,-1.16
2023-03-15,3.225,-0.18
2023-03-16,3.1743,-1.57
2023-03-17,3.1776,0.1
2023-03-20,3.1345,-1.36
2023-03-21,3.1613,0.86
2023-03-22,3.1919,0.97
2023-03-23,3.2229,0.97
2023-03-24,3.2003,-0.7
2023-03-27,3.2019,0.05
2023-03-28,3.1909,-0.34
2023-03-29,3.1887,-0.07
2023-03-30,3.2303,1.3
2023-03-31,3.2625,1.0
2023-04-03,3.266,0.11
2023-04-04,3.2976,0.97
2023-04-06,3.2968,-0.02
2023-04-07,3.3267,0.91
2023-04-10,3.3133,-0.4
2023-04-11,3.2956,-0.53
2023-04-12,3.3059,0.31
2023-04-13,3.308,0.06
2023-04-14,3.3147,0.2
2023-04-17,3.3876,2.2
2023-04-18,3.397,0.28
2023-04-19,3.3751,-0.64
2023-04-20,3.3693,-0.17
2023-04-21,3.312,-1.7
2023-04-24,3.288,-0.72
2023-04-25,3.2685,-0.59
2023-04-26,3.2558,-0.39
2023-04-27,3.287,0.96
2023-04-28,3.3237,1.12
2023-05-04,3.3528,0.88
2023-05-05,3.3175,-1.05
2023-05-08,3.3831,1.98
2023-05-09,3.3496,-0.99
2023-05-10,3.2993,-1.5
2023-05-11,3.2909,-0.25
2023-05-12,3.2615,-0.89
2023-05-15,3.3177,1.72
2023-05-16,3.3132,-0.14
2023-05-17,3.2818,-0.95
2023-05-18,3.2976,0.48
2023-05-19,3.2987,0.03
2023-05-22,3.2996,0.03
2023-05-23,3.2576,-1.27
2023-05-24,3.2071,-1.55
2023-05-25,3.1834,-0.74
2023-05-26,3.1843,0.03
2023-05-29,3.1874,0.1
2023-05-30,3.1935,0.19
2023-05-31,3.1607,-1.03
2023-06-01,3.154,-0.21
2023-06-02,3.168,0.44
2023-06-05,3.1936,0.81
2023-06-06,3.1819,-0.37
2023-06-07,3.1779,-0.13
2023-06-08,3.1912,0.42
2023-06-09,3.1911,0.0
2023-06-12,3.175,-0.5
2023-06-13,3.1619,-0.41
2023-06-14,3.1696,0.24
2023-06-15,3.1895,0.63
2023-06-16,3.2415,1.63
2023-06-19,3.2426,0.03
2023-06-20,3.2526,0.31
2023-06-21,3.2017,-1.56
2023-06-26,3.1638,-1.18
2023-06-27,3.1955,1.0
2023-06-28,3.1771,-0.58
2023-06-29,3.1826,0.17
2023-06-30,3.1946,0.38
2023-07-03,3.1892,-0.17
2023-07-04,3.2036,0.45
2023-07-05,3.1697,-1.06
2023-07-06,3.1442,-0.8
2023-07-07,3.1122,-1.02
2023-07-10,3.1135,0.04
2023-07-11,3.1341,0.66
2023-07-12,3.1066,-0.88
2023-07-13,3.1524,1.47
2023-07-14,3.1328,-0.62
2023-07-17,3.1092,-0.75
2023-07-18,3.0938,-0.5
2023-07-19,3.0871,-0.22
2023-07-20,3.0334,-1.74
2023-07-21,3.0184,-0.49
2023-07-24,3.0173,-0.04
2023-07-25,3.0764,1.96
2023-07-26,3.0481,-0.92
2023-07-27,3.0249,-0.76
2023-07-28,3.0687,1.45
2023-07-31,3.109,1.31
2023-08-01,3.0997,-0.3
2023-08-02,3.0881,-0.37
2023-08-03,3.0903,0.07
2023-08-04,3.1315,1.33
2023-08-07,3.1214,-0.32
2023-08-08,3.1002,-0.68
2023-08-09,3.0586,-1.34
2023-08-10,3.0493,-0.3
2023-08-11,2.9821,-2.2
2023-08-14,2.9803,-0.06
2023-08-15,2.9669,-0.45
2023-08-16,2.9239,-1.45
2023-08-17,2.9449,0.72
2023-08-18,2.8918,-1.8
2023-08-21,2.8594,-1.12
2023-08-22,2.9137,1.9
2023-08-23,2.848,-2.25
2023-08-24,2.8852,1.31
2023-08-25,2.8306,-1.89
2023-08-28,2.8875,2.01
2023-08-29,2.9492,2.14
2023-08-30,2.9638,0.5
2023-08-31,2.9349,-0.98
2023-09-01,2.9393,0.15
2023-09-04,2.9683,0.99
2023-09-05,2.9291,-1.32
2023-09-06,2.917,-0.41
2023-09-07,2.8617,-1.9
2023-09-08,2.8488,-0.45
2023-09-11,2.8658,0.6
2023-09-12,2.8508,-0.52
2023-09-13,2.8195,-1.1
2023-09-14,2.807,-0.44
2023-09-15,2.7796,-0.98
2023-09-18,2.7867,0.26
2023-09-19,2.78,-0.24
2023-09-20,2.7635,-0.59
2023-09-21,2.7404,-0.84
2023-09-22,2.8187,2.86
2023-09-25,2.8003,-0.65
2023-09-26,2.8196,0.69
2023-09-27,2.8302,0.38
2023-09-28,2.8201,-0.36
2023-10-09,2.7915,-1.01
2023-10-10,2.7691,-0.8
2023-10-11,2.7709,0.07
2023-10-12,2.7751,0.15
2023-10-13,2.7438,-1.13
2023-10-16,2.7276,-0.59
2023-10-17,2.7376,0.37
2023-10-18,2.7031,-1.26
2023-10-19,2.6584,-1.65
2023-10-20,2.6321,-0.99
2023-10-23,2.6032,-1.1
2023-10-24,2.6253,0.85
2023-10-25,2.6221,-0.12
2023-10-26,2.6271,0.19
2023-10-27,2.669,1.59
2023-10-30,2.6955,0.99
2023-10-31,2.6796,-0.59
2023-11-01,2.6765,-0.12
2023-11-02,2.6401,-1.36
2023-11-03,2.6774,1.41
2023-11-06,2.734,2.11
2023-11-07,2.7252,-0.32
2023-11-08,2.7336,0.31
2023-11-09,2.7021,-1.15
2023-11-10,2.6958,-0.23
2023-11-13,2.7001,0.16
2023-11-14,2.7065,0.24
2023-11-15,2.7131,0.24
2023-11-16,2.6849,-1.04
2023-11-17,2.6981,0.49
2023-11-20,2.7109,0.47
2023-11-21,2.6774,-1.24
2023-11-22,2.634,-1.62
2023-11-23,2.665,1.18
2023-11-24,2.6263,-1.45
2023-11-27,2.6463,0.76
2023-11-28,2.6536,0.28
2023-11-29,2.6393,-0.54
2023-11-30,2.6403,0.04
2023-12-01,2.6566,0.62
2023-12-04,2.6645,0.3
2023-12-05,2.6166,-1.8
2023-12-06,2.6424,0.99
2023-12-07,2.6425,0.0
2023-12-08,2.6907,1.82
2023-12-11,2.7301,1.46
2023-12-12,2.7065,-0.86
2023-12-13,2.685,-0.79
2023-12-14,2.6813,-0.14
2023-12-15,2.6566,-0.92
2023-12-18,2.6423,-0.54
2023-12-19,2.6388,-0.13
2023-12-20,2.6115,-1.03
2023-12-21,2.6223,0.41
2023-12-22,2.6065,-0.6
2023-12-25,2.6137,0.28
2023-12-26,2.5804,-1.27
2023-12-27,2.6219,1.61
2023-12-28,2.6322,0.39
2023-12-29,2.659,1.02
2023-12-31,2.6588,-0.01
2024-01-02,2.6234,-1.33
2024-01-03,2.5988,-0.94
2024-01-04,2.587,-0.45
2024-01-05,2.5524,-1.34
2024-01-08,2.5123,-1.57
2024-01-09,2.5146,0.09
2024-01-10,2.485,-1.18
2024-01-11,2.5103,1.02
2024-01-12,2.4959,-0.57
2024-01-15,2.5065,0.42
2024-01-16,2.5136,0.28
2024-01-17,2.4781,-1.41
2024-01-18,2.5139,1.44
2024-01-19,2.4972,-0.66
2024-01-22,2.4616,-1.43
2024-01-23,2.4793,0.72
2024-01-24,2.4829,0.15
2024-01-25,2.5336,2.04
2024-01-26,2.529,-0.18
2024-01-29,2.5198,-0.36
2024-01-30,2.493,-1.06
2024-01-31,2.4808,-0.49
2024-02-01,2.4534,-1.1
2024-02-02,2.4454,-0.33
2024-02-05,2.46,0.6
2024-02-06,2.5269,2.72
2024-02-07,2.5371,0.4
2024-02-08,2.5841,1.85
2024-02-19,2.6333,1.9
2024-02-20,2.6128,-0.78
2024-02-21,2.605,-0.3
2024-02-22,2.6265,0.83
2024-02-23,2.6334,0.26
2024-02-26,2.6228,-0.4
2024-02-27,2.678,2.1
2024-02-28,2.5811,-3.62
2024-02-29,2.6599,3.05
2024-03-01,2.6966,1.38
2024-03-04,2.7171,0.76
2024-03-05,2.691,-0.96
2024-03-06,2.6831,-0.29
2024-03-07,2.6431,-1.49
2024-03-08,2.7189,2.87
2024-03-11,2.7732,2.0
2024-03-12,2.7748,0.06
2024-03-13,2.7594,-0.55
2024-03-14,2.7212,-1.38
2024-03-15,2.7313,0.37
2024-03-18,2.7798,1.78
2024-03-19,2.762,-0.64
2024-03-20,2.7682,0.22
2024-03-21,2.7504,-0.64
2024-03-22,2.7533,0.11
2024-03-25,2.7032,-1.82
2024-03-26,2.7198,0.61
2024-03-27,2.65,-2.57
2024-03-28,2.6771,1.02
2024-03-29,2.6802,0.12
2024-04-01,2.7316,1.92
2024-04-02,2.7015,-1.1
2024-04-03,2.6739,-1.02
2024-04-08,2.6374,-1.37
2024-04-09,2.6542,0.64
2024-04-10,2.6009,-2.01
2024-04-11,2.5925,-0.32
2024-04-12,2.5784,-0.54
2024-04-15,2.597,0.72
2024-04-16,2.53,-2.58
2024-04-17,2.575,1.78
2024-04-18,2.5714,-0.14
2024-04-19,2.5352,-1.41
2024-04-22,2.522,-0.52
2024-04-23,2.5404,0.73
2024-04-24,2.5894,1.93
2024-04-25,2.588,-0.05
2024-04-26,2.6644,2.95
2024-04-29,2.7016,1.4
2024-04-30,2.6809,-0.77
2024-05-06,2.7047,0.89
2024-05-07,2.6891,-0.58
2024-05-08,2.6806,-0.32
2024-05-09,2.6932,0.47
2024-05-10,2.6784,-0.55
2024-05-13,2.6803,0.07
2024-05-14,2.6786,-0.06
2024-05-15,2.6662,-0.46
2024-05-16,2.6836,0.65
2024-05-17,2.6949,0.42
2024-05-20,2.7186,0.88
2024-05-21,2.7104,-0.3
2024-05-22,2.7028,-0.28
2024-05-23,2.6715,-1.16
2024-05-24,2.6289,-1.59
2024-05-27,2.6481,0.73
2024-05-28,2.6063,-1.58
2024-05-29,2.6146,0.32
2024-05-30,2.6114,-0.12
2024-05-31,2.5989,-0.48
2024-06-03,2.6474,1.87
2024-06-04,2.6759,1.08
2024-06-05,2.6539,-0.82
2024-06-06,2.6472,-0.25
2024-06-07,2.6014,-1.73
2024-06-11,2.6041,0.1
2024-06-12,2.6124,0.32
2024-06-13,2.6069,-0.21
2024-06-14,2.6534,1.78
2024-06-17,2.6924,1.47
2024-06-18,2.7069,0.54
2024-06-19,2.6855,-0.79
2024-06-20,2.6565,-1.08
2024-06-21,2.6575,0.04
2024-06-24,2.6072,-1.89
2024-06-25,2.5629,-1.7
2024-06-26,2.5921,1.14
2024-06-27,2.567,-0.97
2024-06-28,2.5845,0.68
2024-06-30,2.5843,-0.01
2024-07-01,2.6129,1.11
2024-07-02,2.5919,-0.8
2024-07-03,2.5757,-0.63
2024-07-04,2.5645,-0.43
2024-07-05,2.561,-0.14
2024-07-08,2.5505,-0.41
2024-07-09,2.6057,2.16
2024-07-10,2.6307,0.96
2024-07-11,2.6501,0.74
2024-07-12,2.6268,-0.88
2024-07-15,2.6327,0.22
2024-07-16,2.684,1.95
2024-07-17,2.6407,-1.61
2024-07-18,2.6421,0.05
2024-07-19,2.6066,-1.34
2024-07-22,2.6035,-0.12
2024-07-23,2.5408,-2.41
2024-07-24,2.515,-1.02
2024-07-25,2.4782,-1.46
2024-07-26,2.517,1.57
2024-07-29,2.5121,-0.19
2024-07-30,2.4986,-0.54
2024-07-31,2.5601,2.46
2024-08-01,2.5394,-0.81
2024-08-02,2.4858,-2.11
2024-08-05,2.4088,-3.1
2024-08-06,2.4453,1.52
2024-08-07,2.4295,-0.65
2024-08-08,2.4354,0.24
2024-08-09,2.438,0.11
2024-08-12,2.4407,0.11
2024-08-13,2.4626,0.9
2024-08-14,2.4295,-1.34
2024-08-15,2.4347,0.21
2024-08-16,2.448,0.55
2024-08-19,2.4298,-0.74
2024-08-20,2.4082,-0.89
2024-08-21,2.428,0.82
2024-08-22,2.4196,-0.35
2024-08-23,2.4032,-0.68
2024-08-26,2.3938,-0.39
2024-08-27,2.3542,-1.65
2024-08-28,2.3543,0.0
2024-08-29,2.3688,0.62
2024-08-30,2.4372,2.89
2024-09-02,2.3896,-1.95
2024-09-03,2.4037,0.59
2024-09-04,2.3773,-1.1
2024-09-05,2.376,-0.05
2024-09-06,2.3367,-1.65
2024-09-09,2.3311,-0.24
2024-09-10,2.3323,0.05
2024-09-11,2.3396,0.31
2024-09-12,2.3177,-0.94
2024-09-13,2.3173,-0.02
2024-09-18,2.2884,-1.25
2024-09-19,2.289,0.03
2024-09-20,2.2827,-0.28
2024-09-23,2.2747,-0.35
2024-09-24,2.3853,4.86
2024-09-25,2.3926,0.31
2024-09-26,2.4678,3.14
2024-09-27,2.6085,5.7
2024-09-30,2.8737,10.17
2024-10-08,3.1068,8.11
2024-10-09,2.8776,-7.38
2024-10-10,2.8542,-0.81
2024-10-11,2.7908,-2.22
2024-10-14,2.8625,2.57
2024-10-15,2.7883,-2.59
2024-10-16,2.7241,-2.3
2024-10-17,2.7221,-0.07
2024-10-18,2.8828,5.9
2024-10-21,2.9183,1.23
2024-10-22,2.9777,2.04
2024-10-23,2.9594,-0.61
2024-10-24,2.9024,-1.93
2024-10-25,2.9889,2.98
2024-10-28,2.9952,0.21
2024-10-29,2.9625,-1.09
2024-10-30,2.9432,-0.65
2024-10-31,2.9734,1.03
2024-11-01,2.9257,-1.6
2024-11-04,2.9702,1.52
2024-11-05,3.071,3.39
2024-11-06,3.0457,-0.82
2024-11-07,3.0631,0.57
2024-11-08,3.0175,-1.49
2024-11-11,3.0757,1.93
2024-11-12,3.0494,-0.86
2024-11-13,3.0526,0.1
2024-11-14,2.9662,-2.83
2024-11-15,2.8885,-2.62
2024-11-18,2.8443,-1.53
2024-11-19,2.9037,2.09
2024-11-20,2.9018,-0.07
2024-11-21,2.8986,-0.11
2024-11-22,2.803,-3.3
2024-11-25,2.8073,0.15
2024-11-26,2.7898,-0.62
2024-11-27,2.8795,3.22
2024-11-28,2.8305,-1.7
2024-11-29,2.877,1.64
2024-12-02,2.9351,2.02
2024-12-03,2.9287,-0.22
2024-12-04,2.8772,-1.76
2024-12-05,2.8652,-0.42
2024-12-06,2.9042,1.36
2024-12-09,2.8854,-0.65
2024-12-10,2.9051,0.68
2024-12-11,2.9118,0.23
2024-12-12,2.9501,1.32
2024-12-13,2.8891,-2.07
2024-12-16,2.8465,-1.47
2024-12-17,2.8638,0.61
2024-12-18,2.8512,-0.44
2024-12-19,2.8708,0.69
2024-12-20,2.8562,-0.51
2024-12-23,2.8215,-1.21
2024-12-24,2.8675,1.63
2024-12-25,2.8457,-0.76
2024-12-26,2.8824,1.29
2024-12-27,2.8596,-0.79
2024-12-30,2.8445,-0.53
2024-12-31,2.7868,-2.03
2025-01-02,2.7116,-2.7
2025-01-03,2.6638,-1.76
2025-01-06,2.666,0.08
2025-01-07,2.7123,1.74
2025-01-08,2.6853,-1.0
2025-01-09,2.6925,0.27
2025-01-10,2.6348,-2.14
2025-01-13,2.6226,-0.46
2025-01-14,2.7435,4.61
2025-01-15,2.6944,-1.79
2025-01-16,2.7101,0.58
2025-01-17,2.7443,1.26
2025-01-20,2.8006,2.05
2025-01-21,2.8028,0.08
2025-01-22,2.8082,0.19
2025-01-23,2.7815,-0.95
2025-01-24,2.8247,1.55
2025-01-27,2.7659,-2.08
2025-02-05,2.7094,-2.04
2025-02-06,2.8118,3.78
2025-02-07,2.8682,2.01
2025-02-10,2.8778,0.33
2025-02-11,2.8813,0.12
2025-02-12,2.9524,2.47
2025-02-13,2.9444,-0.27
2025-02-14,2.9718,0.93
2025-02-17,2.9692,-0.09
2025-02-18,2.9392,-1.01
2025-02-19,2.9724,1.13
2025-02-20,2.9729,0.02
2025-02-21,3.04,2.26
2025-02-24,3.0377,-0.08
2025-02-25,3.0347,-0.1
2025-02-26,3.0449,0.34
2025-02-27,3.0381,-0.22
2025-02-28,2.9493,-2.92
2025-03-03,2.957,0.26
2025-03-04,2.9409,-0.54
2025-03-05,2.9812,1.37
2025-03-06,3.0137,1.09
2025-03-07,2.9991,-0.48
2025-03-10,3.0186,0.65
2025-03-11,3.049,1.01
2025-03-12,3.034,-0.49
2025-03-13,3.0114,-0.74
2025-03-14,3.1335,4.05
2025-03-17,3.1934,1.91
2025-03-18,3.2238,0.95
2025-03-19,3.1983,-0.79
2025-03-20,3.1671,-0.98
2025-03-21,3.1041,-1.99
2025-03-24,3.1427,1.24
2025-03-25,3.0931,-1.58
2025-03-26,3.1008,0.25
2025-03-27,3.092,-0.28
2025-03-28,3.0799,-0.39
2025-03-31,3.0476,-1.05
2025-04-01,3.0191,-0.94
2025-04-02,3.0258,0.22
2025-04-03,2.9067,-3.94
2025-04-07,2.6485,-8.88
2025-04-08,2.6164,-1.21
2025-04-09,2.6433,1.03
2025-04-10,2.6947,1.94
2025-04-11,2.764,2.57
2025-04-14,2.7683,0.16
2025-04-15,2.7827,0.52
2025-04-16,2.7527,-1.08
2025-04-17,2.7717,0.69
2025-04-18,2.7846,0.47
2025-04-21,2.8348,1.8
2025-04-22,2.7956,-1.38
2025-04-23,2.8308,1.26
2025-04-24,2.8134,-0.61
2025-04-25,2.8421,1.02
2025-04-28,2.82,-0.78
2025-04-29,2.8099,-0.36
2025-04-30,2.8281,0.65
2025-05-06,2.8935,2.31
2025-05-07,2.8814,-0.42
2025-05-08,2.9283,1.63
2025-05-09,2.9015,-0.92
2025-05-12,2.9766,2.59
2025-05-13,2.9681,-0.29
2025-05-14,2.9854,0.58
2025-05-15,2.9432,-1.41
2025-05-16,2.9523,0.31
2025-05-19,2.9401,-0.41
2025-05-20,2.9785,1.31
2025-05-21,2.9916,0.44
2025-05-22,2.9678,-0.8
2025-05-23,2.9465,-0.72
2025-05-26,2.9257,-0.71
2025-05-27,2.8971,-0.98
2025-05-28,2.9064,0.32
2025-05-29,2.9251,0.64
2025-05-30,2.8979,-0.93
2025-06-03,2.8967,-0.04
2025-06-04,2.9396,1.48
2025-06-05,3.0232,2.84
2025-06-06,3.012,-0.37
2025-06-09,3.0139,0.06
2025-06-10,2.9993,-0.48
2025-06-11,3.0279,0.95
2025-06-12,3.0306,0.09
2025-06-13,3.0027,-0.92
2025-06-16,3.055,1.74
2025-06-17,3.0475,-0.25
2025-06-18,3.0975,1.64
2025-06-19,3.0824,-0.49
2025-06-20,3.0554,-0.88
2025-06-23,3.0646,0.3
2025-06-24,3.1136,1.6
2025-06-25,3.1554,1.34
2025-06-26,3.1436,-0.37
2025-06-27,3.1491,0.17
2025-06-30,3.1787,0.94
2025-07-01,3.1891,0.33
2025-07-02,3.1417,-1.49
2025-07-03,3.2367,3.02
2025-07-04,3.2304,-0.19
2025-07-07,3.1775,-1.64
2025-07-08,3.2739,3.03
2025-07-09,3.2934,0.6
2025-07-10,3.2834,-0.3
2025-07-11,3.2735,-0.3
2025-07-14,3.2921,0.57
2025-07-15,3.4415,4.54
2025-07-16,3.4192,-0.65
2025-07-17,3.5388,3.5
2025-07-18,3.5326,-0.18
2025-07-21,3.5397,0.2
2025-07-22,3.5309,-0.25
2025-07-23,3.526,-0.14
2025-07-24,3.5435,0.5
2025-07-25,3.5477,0.12
2025-07-28,3.5949,1.33
2025-07-29,3.6675,2.02
2025-07-30,3.6568,-0.29
2025-07-31,3.6253,-0.86
2025-08-01,3.5852,-1.11
2025-08-04,3.5908,0.16
2025-08-05,3.6069,0.45
2025-08-06,3.6182,0.31
2025-08-07,3.6086,-0.27
2025-08-08,3.585,-0.65
2025-08-11,3.6413,1.57
2025-08-12,3.6956,1.49
2025-08-13,3.7675,1.95
2025-08-14,3.7587,-0.23
2025-08-15,3.8053,1.24
2025-08-18,3.8929,2.3
2025-08-19,3.9033,0.27
2025-08-20,3.9272,0.61
2025-08-21,3.9574,0.77
2025-08-22,4.0499,2.34
2025-08-25,4.098,1.19
2025-08-26,4.1343,0.89
2025-08-27,4.1029,-0.76
2025-08-28,4.177,1.81
2025-08-29,4.2358,1.41
2025-09-01,4.2447,0.21
2025-09-02,4.1922,-1.24
2025-09-03,4.2274,0.84
2025-09-04,4.1626,-1.53
2025-09-05,4.3423,4.32
2025-09-08,4.3595,0.4
2025-09-09,4.2602,-2.28
2025-09-10,4.2608,0.01
2025-09-11,4.3939,3.12
2025-09-12,4.3729,-0.48
2025-09-15,4.4126,0.91
2025-09-16,4.4215,0.2
2025-09-17,4.4945,1.65
2025-09-18,4.4482,-1.03
2025-09-19,4.4559,0.17
2025-09-22,4.5364,1.81
2025-09-23,4.5623,0.57
2025-09-24,4.6649,2.25
2025-09-25,4.7106,0.98
2025-09-26,4.5882,-2.6
2025-09-29,4.6877,2.17
2025-09-30,4.7526,1.38
2025-10-09,4.7732,0.43
2025-10-10,4.5587,-4.49
2025-10-13,4.5069,-1.14
2025-10-14,4.3888,-2.62
2025-10-15,4.486,2.21
2025-10-16,4.5014,0.34
2025-10-17,4.366,-3.01
2025-10-20,4.3931,0.62
2025-10-21,4.5108,2.68
2025-10-22,4.4825,-0.63
2025-10-23,4.4874,0.11
2025-10-24,4.5969,2.44
2025-10-27,4.6498,1.15
2025-10-28,4.648,-0.04
2025-10-29,4.7534,2.27
2025-10-30,4.7088,-0.94
2025-10-31,4.6356,-1.55
2025-11-03,4.6392,0.08
2025-11-04,4.5566,-1.78
2025-11-05,4.6079,1.13
2025-11-06,4.6896,1.77
2025-11-07,4.6735,-0.34
2025-11-10,4.6487,-0.53
2025-11-11,4.6443,-0.09
2025-11-12,4.6597,0.33
2025-11-13,4.7613,2.18
2025-11-14,4.6383,-2.58
2025-11-17,4.6279,-0.22
2025-11-18,4.5521,-1.64
2025-11-19,4.5555,0.07
2025-11-20,4.4992,-1.24
2025-11-21,4.3385,-3.57
2025-11-24,4.343,0.1
2025-11-25,4.4391,2.21
2025-11-26,4.4855,1.05
2025-11-27,4.4591,-0.59
2025-11-28,4.4916,0.73
2025-12-01,4.5272,0.79
2025-12-02,4.4964,-0.68
2025-12-03,4.4267,-1.55
2025-12-04,4.4336,0.16
2025-12-05,4.4407,0.16
2025-12-08,4.5197,1.78
2025-12-09,4.5253,0.12
2025-12-10,4.5045,-0.46
2025-12-11,4.4797,-0.55
2025-12-12,4.5083,0.64
2025-12-15,4.4006,-2.39
2025-12-16,4.3374,-1.44
2025-12-17,4.4814,3.32
2025-12-18,4.3681,-2.53
2025-12-19,4.3731,0.11
2025-12-22,4.4462,1.67
2025-12-23,4.5278,1.84
2025-12-24,4.5882,1.33
2025-12-25,4.5983,0.22
2025-12-26,4.6524,1.18
2025-12-29,4.5929,-1.28
2025-12-30,4.596,0.07
2025-12-31,4.5516,-0.97
2026-01-05,4.7045,3.36
2026-01-06,4.7325,0.6
2026-01-07,4.665,-1.43
2026-01-08,4.6072,-1.24
2026-01-09,4.6502,0.93
2026-01-12,4.641,-0.2
2026-01-13,4.5537,-1.88
2026-01-14,4.5556,0.04
2026-01-15,4.5778,0.49
2026-01-16,4.5457,-0.7
2026-01-19,4.5056,-0.88
2026-01-20,4.388,-2.61
2026-01-21,4.416,0.64
2026-01-22,4.3907,-0.57
2026-01-23,4.4415,1.16
2026-01-26,4.3681,-1.65
2026-01-27,4.3338,-0.79
2026-01-28,4.2826,-1.18
2026-01-29,4.2501,-0.76
2026-01-30,4.2921,0.99
2026-02-02,4.2311,-1.42
2026-02-03,4.2409,0.23
2026-02-04,4.1821,-1.39
2026-02-05,4.1067,-1.8
2026-02-06,4.1179,0.27
2026-02-09,4.1957,1.89
2026-02-10,4.2011,0.13
2026-02-11,4.1826,-0.44
2026-02-12,4.1835,0.02
2026-02-13,4.1201,-1.52
2026-02-24,4.1352,0.37
2026-02-25,4.1882,1.28
2026-02-26,4.2124,0.58
2026-02-27,4.1698,-1.01
2026-03-02,4.2215,1.24
2026-03-03,4.1011,-2.85
2026-03-04,4.0601,-1.0
2026-03-05,4.1156,1.37
2026-03-06,4.1217,0.15
2026-03-09,4.0611,-1.47
2026-03-10,4.1114,1.24
2026-03-11,4.0652,-1.12
2026-03-12,3.9785,-2.13
2026-03-13,3.9275,-1.28
2026-03-16,3.917,-0.27
2026-03-17,3.8457,-1.82
2026-03-18,3.9038,1.51
2026-03-19,3.7879,-2.97
2026-03-20,3.7878,0.0
2026-03-23,3.6915,-2.54
2026-03-24,3.752,1.64
2026-03-25,3.8069,1.46
2026-03-26,3.7685,-1.01
2026-03-27,3.7746,0.16
2026-03-30,3.777,0.06
2026-03-31,3.7236,-1.41
2026-04-01,3.7666,1.15
2026-04-02,3.717,-1.32
2026-04-03,3.7133,-0.1
2026-04-07,3.7109,-0.06
2026-04-08,3.874,4.4
2026-04-09,3.8862,0.31
2026-04-10,3.9682,2.11
2026-04-13,3.9835,0.39
2026-04-14,4.0322,1.22
2026-04-15,3.9977,-0.86
2026-04-16,4.0889,2.28
2026-04-17,4.1579,1.69
2026-04-20,4.1525,-0.13
2026-04-21,4.1728,0.49
2026-04-22,4.2518,1.89
2026-04-23,4.241,-0.25
2026-04-24,4.2086,-0.76
2026-04-27,4.1881,-0.49
2026-04-28,4.1474,-0.97
2026-04-29,4.2281,1.95
2026-04-30,4.2726,1.05
2026-05-06,4.378,2.47
2026-05-07,4.4553,1.77
2026-05-08,4.3922,-1.42
2026-05-11,4.4809,2.02
2026-05-12,4.497,0.36
2026-05-13,4.6001,2.29
2026-05-14,4.4734,-2.75
2026-05-15,4.4048,-1.53
2026-05-18,4.4401,0.8
2026-05-19,4.461,0.47
2026-05-20,4.5032,0.95
2026-05-21,4.385,-2.62
2026-05-22,4.5561,3.9
2026-05-25,4.6746,2.6
2026-05-26,4.6837,0.19
2026-05-27,4.6906,0.15
2026-05-28,4.7826,1.96
2026-05-29,4.6632,-2.5
2026-06-01,4.5066,-3.36
2026-06-02,4.6757,3.75
2026-06-03,4.7795,2.22
